[{"model": "builder.section", "pk": 1, "fields": {"name": "inicio", "slug": "inicio", "order": 0}}, {"model": "builder.section", "pk": 2, "fields": {"name": "nosotros", "slug": "nosotros", "order": 0}}, {"model": "builder.section", "pk": 3, "fields": {"name": "productos", "slug": "productos", "order": 0}}, {"model": "builder.section", "pk": 4, "fields": {"name": "servicios", "slug": "servicios", "order": 0}}, {"model": "builder.section", "pk": 5, "fields": {"name": "contacto", "slug": "contacto", "order": 0}}, {"model": "builder.block", "pk": 1, "fields": {"name": "block1 - slider", "order": 0, "section": 1}}, {"model": "builder.block", "pk": 2, "fields": {"name": "block 2 - products", "order": 0, "section": 1}}, {"model": "builder.block", "pk": 4, "fields": {"name": "block1 - banner", "order": 0, "section": 2}}, {"model": "builder.block", "pk": 5, "fields": {"name": "block 2 - compromiso", "order": 0, "section": 2}}, {"model": "builder.block", "pk": 6, "fields": {"name": "block 3 - quienes somos", "order": 0, "section": 2}}, {"model": "builder.block", "pk": 7, "fields": {"name": "block4 - mobiliario", "order": 0, "section": 2}}, {"model": "builder.block", "pk": 8, "fields": {"name": "block 3 - compromiso", "order": 0, "section": 1}}, {"model": "builder.block", "pk": 9, "fields": {"name": "block 4 - ubicacion", "order": 0, "section": 1}}, {"model": "builder.block", "pk": 10, "fields": {"name": "block1 - slider", "order": 0, "section": 3}}, {"model": "builder.block", "pk": 11, "fields": {"name": "block2 - detalles", "order": 0, "section": 3}}, {"model": "builder.block", "pk": 12, "fields": {"name": "block 3 - slider livingroom", "order": 0, "section": 3}}, {"model": "builder.block", "pk": 13, "fields": {"name": "block 4 - slider dining", "order": 0, "section": 3}}, {"model": "builder.block", "pk": 14, "fields": {"name": "block 5 - slider bedroom", "order": 0, "section": 3}}, {"model": "builder.block", "pk": 15, "fields": {"name": "block 6 - showroom", "order": 0, "section": 3}}, {"model": "builder.block", "pk": 16, "fields": {"name": "block 1 - banner", "order": 0, "section": 4}}, {"model": "builder.block", "pk": 17, "fields": {"name": "block 2 - DISEN\u0303O CONTEMPORA\u0301NEO", "order": 0, "section": 4}}, {"model": "builder.block", "pk": 18, "fields": {"name": "block 3 - proceso", "order": 0, "section": 4}}, {"model": "builder.block", "pk": 19, "fields": {"name": "block 1 - mapa", "order": 0, "section": 5}}, {"model": "builder.block", "pk": 20, "fields": {"name": "block 2 - info", "order": 0, "section": 5}}, {"model": "builder.slide", "pk": 1, "fields": {"image": "/images/img_banner_s1.jpg", "title": "El estilo no se hereda", "button_title": "Productos", "button_url": "/productos", "content": "", "block": 1}}, {"model": "builder.slide", "pk": 2, "fields": {"image": "/images/img_banner_s1.jpg", "title": "El estilo no se hereda", "button_title": "Productos", "button_url": "/productos", "content": "", "block": 1}}, {"model": "builder.slide", "pk": 3, "fields": {"image": "/images/img_banner_s1.jpg", "title": "El estilo no se hereda", "button_title": "Productos", "button_url": "/productos", "content": "", "block": 1}}, {"model": "builder.slide", "pk": 4, "fields": {"image": "/images/productos-banner-s1-bed.png", "title": "", "button_title": "", "button_url": "", "content": "", "block": 10}}, {"model": "builder.slide", "pk": 5, "fields": {"image": "/images/productos-banner-s2-living.png", "title": "", "button_title": "", "button_url": "", "content": "", "block": 10}}, {"model": "builder.slide", "pk": 6, "fields": {"image": "/images/productos-banner-s3-dining.png", "title": "", "button_title": "", "button_url": "", "content": "", "block": 10}}, {"model": "builder.slide", "pk": 7, "fields": {"image": "/images/productos/living/Img-Product-Alassio-Living.jpg", "title": "PIEZA NOMBRE", "button_title": "CONTA\u0301CTANOS", "button_url": "/contacto", "content": "Texto descriptivo materiales y acabados Dimensiones", "block": 12}}, {"model": "builder.slide", "pk": 8, "fields": {"image": "/images/productos/living/Img-Product-Almeira-Living.jpg", "title": "PIEZA NOMBRE", "button_title": "CONTA\u0301CTANOS", "button_url": "/contacto", "content": "Texto descriptivo materiales y acabados Dimensiones", "block": 12}}, {"model": "builder.slide", "pk": 9, "fields": {"image": "/images/productos/dining/Img-Product-Arezzo-Dining.jpg", "title": "PIEZA NOMBRE", "button_title": "CONTA\u0301CTANOS", "button_url": "/contacto", "content": "Texto descriptivo materiales y acabados Dimensiones", "block": 13}}, {"model": "builder.slide", "pk": 10, "fields": {"image": "/images/productos/dining/Img-Product-Concorde-Dining.jpg", "title": "PIEZA NOMBRE", "button_title": "CONTA\u0301CTANOS", "button_url": "/contacto", "content": "Texto descriptivo materiales y acabados Dimensiones", "block": 13}}, {"model": "builder.slide", "pk": 11, "fields": {"image": "/images/productos/bedroom/Img-Product-Cassino-Bedroom.jpg", "title": "PIEZA NOMBRE", "button_title": "CONTA\u0301CTANOS", "button_url": "/contacto", "content": "Texto descriptivo materiales y acabados Dimensiones", "block": 14}}, {"model": "builder.slide", "pk": 12, "fields": {"image": "/images/productos/bedroom/Img-Product-Corval-Bedroom.jpg", "title": "PIEZA NOMBRE", "button_title": "CONTA\u0301CTANOS", "button_url": "/contacto", "content": "Texto descriptivo materiales y acabados Dimensiones", "block": 14}}, {"model": "builder.slide", "pk": 13, "fields": {"image": "/images/productos-banner-s4-living.png", "title": "", "button_title": "", "button_url": "", "content": "", "block": 10}}, {"model": "builder.title", "pk": 1, "fields": {"content": "LIVINGROOM", "block": 2}}, {"model": "builder.title", "pk": 2, "fields": {"content": "DINING", "block": 2}}, {"model": "builder.title", "pk": 3, "fields": {"content": "BEDROOM", "block": 2}}, {"model": "builder.title", "pk": 6, "fields": {"content": "MOBILIARIO CONTEMPORA\u0301NEO", "block": 4}}, {"model": "builder.title", "pk": 7, "fields": {"content": "NUESTRO COMPROMISO", "block": 5}}, {"model": "builder.title", "pk": 8, "fields": {"content": "QUIE\u0301NES SOMOS", "block": 6}}, {"model": "builder.title", "pk": 9, "fields": {"content": "MOBILIARIO NOTABLE", "block": 7}}, {"model": "builder.title", "pk": 10, "fields": {"content": "DISEN\u0303O U\u0301NICO", "block": 7}}, {"model": "builder.title", "pk": 11, "fields": {"content": "COORDINACIO\u0301N", "block": 7}}, {"model": "builder.title", "pk": 12, "fields": {"content": "CALIDAD", "block": 7}}, {"model": "builder.title", "pk": 13, "fields": {"content": "NUESTRO COMPROMISO", "block": 8}}, {"model": "builder.title", "pk": 14, "fields": {"content": "VISITA NUESTRO SHOWROOM EN TIJUANA", "block": 9}}, {"model": "builder.title", "pk": 15, "fields": {"content": "COLECCIO\u0301N NOTABLE", "block": 10}}, {"model": "builder.title", "pk": 16, "fields": {"content": "EL PODER DE LOS DETALLES", "block": 11}}, {"model": "builder.title", "pk": 17, "fields": {"content": "LIVINGROOM", "block": 12}}, {"model": "builder.title", "pk": 18, "fields": {"content": "DINING", "block": 13}}, {"model": "builder.title", "pk": 19, "fields": {"content": "BEDROOM", "block": 14}}, {"model": "builder.title", "pk": 20, "fields": {"content": "SHOWROOM", "block": 15}}, {"model": "builder.title", "pk": 21, "fields": {"content": "2016", "block": 10}}, {"model": "builder.title", "pk": 22, "fields": {"content": "DISEN\u0303O DE INTERIORES", "block": 16}}, {"model": "builder.title", "pk": 23, "fields": {"content": "DISEN\u0303O CONTEMPORA\u0301NEO", "block": 17}}, {"model": "builder.title", "pk": 24, "fields": {"content": "NUESTRO PROCESO", "block": 18}}, {"model": "builder.title", "pk": 25, "fields": {"content": "ENTREVISTA", "block": 18}}, {"model": "builder.title", "pk": 26, "fields": {"content": "CONCEPTUALIZACIO\u0301N", "block": 18}}, {"model": "builder.title", "pk": 27, "fields": {"content": "PROYECTO", "block": 18}}, {"model": "builder.title", "pk": 28, "fields": {"content": "EJECUCIO\u0301N", "block": 18}}, {"model": "builder.title", "pk": 29, "fields": {"content": "INFORMACIO\u0301N DE CONTACTO", "block": 20}}, {"model": "builder.title", "pk": 30, "fields": {"content": "CONTA\u0301CTANOS", "block": 20}}, {"model": "builder.paragraph", "pk": 2, "fields": {"content": "Disen\u0303amos mobiliario contempora\u0301neo con el objetivo de crear espacios u\u0301nicos y confortables.", "block": 4}}, {"model": "builder.paragraph", "pk": 3, "fields": {"content": "Crear mobiliario contempora\u0301neo que cautive por la belleza de su disen\u0303o, sorprenda por su comodidad y que presuma la calidad de sus materiales.", "block": 5}}, {"model": "builder.paragraph", "pk": 4, "fields": {"content": "Somos una marca de muebles e interiores contempora\u0301neos, destinada a crear espacios u\u0301nicos y confortables, ofreciendo disen\u0303o u\u0301nico, coordinacio\u0301n y calidad. NOTABLE surge en el 2015 en Tijuana B.C. Me\u0301xico, fundada por arquitectos apasionados por el disen\u0303o de mobiliario y espacios.", "block": 6}}, {"model": "builder.paragraph", "pk": 5, "fields": {"content": "Porque somos una empresa de disen\u0303o y cada pieza es creada\r\npor el equipo de Notable.", "block": 7}}, {"model": "builder.paragraph", "pk": 6, "fields": {"content": "Porque todas las piezas esta\u0301n ideadas como un todo para conjugarse en diversos espacios.", "block": 7}}, {"model": "builder.paragraph", "pk": 7, "fields": {"content": "Porque cada uno de los materiales son seleccionados por su durabili- dad y calidad este\u0301tica, y a su vez, tratados por manos expertas.", "block": 7}}, {"model": "builder.paragraph", "pk": 8, "fields": {"content": "En Notable ma\u0301s alla\u0301 de adquirir un mueble de calidad, esta\u0301s comprando una pieza de disen\u0303o tan bella, funcional y confortable, que sabemos que vivira\u0301s en ella momentos inolvidables.", "block": 8}}, {"model": "builder.paragraph", "pk": 9, "fields": {"content": "Estilo contempora\u0301neo, gama de colores neutros, textiles de alta calidad y\r\nmaderas como nogal, encino, roble\r\ny metales como cromo y acero inoxidable.", "block": 10}}, {"model": "builder.paragraph", "pk": 10, "fields": {"content": "Cada una de nuestras piezas la fabricamos prestando especial atencio\u0301n a cada uno de los detalles constructivos que la conforman, desde la seleccio\u0301n de materiales\r\nde la ma\u0301s alta calidad, hasta el ensamblaje y acabados finos.", "block": 11}}, {"model": "builder.paragraph", "pk": 11, "fields": {"content": "Visita nuestro showroom y conoce de cerca nuestros productos.", "block": 15}}, {"model": "builder.paragraph", "pk": 12, "fields": {"content": "Hacer realidad tus ideas para que puedas disfrutar durante an\u0303os de la armoni\u0301a que proporciona una buena decoracio\u0301n.", "block": 16}}, {"model": "builder.paragraph", "pk": 13, "fields": {"content": "En Notable ofrecemos el servicio de Disen\u0303o de Interiores que consiste en descubrir las necesidades de nuestro cliente y poder lograr crear espacios funcionales, ca\u0301lidos, confortables y armoniosos.", "block": 17}}, {"model": "builder.paragraph", "pk": 14, "fields": {"content": "Reunio\u0301n en donde conocemos las necesidades y gusto del cliente, asi\u0301 como el espacio a trabajar.", "block": 18}}, {"model": "builder.paragraph", "pk": 15, "fields": {"content": "Primeras ideas, visualizacio\u0301n de espacio, proponemos gama de colores, texturas, posibles piezas.", "block": 18}}, {"model": "builder.paragraph", "pk": 16, "fields": {"content": "Presentamos en proyecto para revisio\u0301n. Planos arquitecto\u0301nicos, visualizacio\u0301n de espacios en 3D, muestras de acabados, seleccio\u0301n de muebles, presupuesto de ejecucio\u0301n de proyecto.", "block": 18}}, {"model": "builder.paragraph", "pk": 17, "fields": {"content": "Coordinacio\u0301n del equipo Nota- ble para desarrollar el disen\u0303o proyectado.", "block": 18}}, {"model": "builder.paragraph", "pk": 18, "fields": {"content": "Av Hipo\u0301dromo 19-103, Colonia", "block": 20}}, {"model": "builder.paragraph", "pk": 19, "fields": {"content": "Hipo\u0301dromo Tijuana BC, CP. 22420", "block": 20}}, {"model": "builder.paragraph", "pk": 20, "fields": {"content": "T: 664 681 8284", "block": 20}}, {"model": "builder.paragraph", "pk": 21, "fields": {"content": "C: 044 (664) 219 8158", "block": 20}}, {"model": "builder.paragraph", "pk": 22, "fields": {"content": "F: /NotableMobiliario", "block": 20}}, {"model": "builder.paragraph", "pk": 23, "fields": {"content": "Para cualquier pregunta o comentario sobre nuestros productos y servicios por favor completa la siguiente forma:", "block": 20}}, {"model": "builder.image", "pk": 1, "fields": {"src": "/images/img_living.png", "alt": "ver productos", "block": 2}}, {"model": "builder.image", "pk": 2, "fields": {"src": "/images/img_dining.png", "alt": "ver productos", "block": 2}}, {"model": "builder.image", "pk": 3, "fields": {"src": "/images/img_bed.png", "alt": "ver productos", "block": 2}}, {"model": "builder.image", "pk": 5, "fields": {"src": "/images/nosotros_banner.jpg", "alt": "MOBILIARIO CONTEMPORA\u0301NEO", "block": 4}}, {"model": "builder.image", "pk": 6, "fields": {"src": "/images/nosotros-b2-fox.jpg", "alt": "NUESTRO COMPROMISO", "block": 5}}, {"model": "builder.image", "pk": 7, "fields": {"src": "/images/img_showroom.jpg", "alt": "UBICACIO\u0301N", "block": 9}}, {"model": "builder.image", "pk": 8, "fields": {"src": "/images/productos-detalles.jpg", "alt": "el poder de los detalles", "block": 11}}, {"model": "builder.image", "pk": 9, "fields": {"src": "/images/productos-showroom-sign.jpg", "alt": "Visita nuestro showroom", "block": 15}}, {"model": "builder.image", "pk": 10, "fields": {"src": "/images/servicios-banner.jpg", "alt": "DISEN\u0303O DE INTERIORES", "block": 16}}, {"model": "builder.image", "pk": 11, "fields": {"src": "/images/servicios-block2.jpg", "alt": "DISEN\u0303O CONTEMPORA\u0301NEO", "block": 17}}, {"model": "builder.image", "pk": 12, "fields": {"src": "/images/placeholder.png", "alt": "VER EN GOOGLE MAPS", "block": 19}}, {"model": "builder.button", "pk": 1, "fields": {"href": "/productos", "title": "Ver productos", "block": 2}}, {"model": "builder.button", "pk": 2, "fields": {"href": "/productos", "title": "Ver productos", "block": 2}}, {"model": "builder.button", "pk": 3, "fields": {"href": "/productos", "title": "Ver productos", "block": 2}}, {"model": "builder.button", "pk": 5, "fields": {"href": "/contacto", "title": "CONTA\u0301CTANOS", "block": 5}}, {"model": "builder.button", "pk": 6, "fields": {"href": "/contacto", "title": "UBICACIO\u0301N", "block": 9}}, {"model": "builder.button", "pk": 7, "fields": {"href": "/contacto", "title": "CONTA\u0301CTANOS", "block": 10}}, {"model": "builder.button", "pk": 8, "fields": {"href": "/contacto", "title": "UBICACI\u00d3N", "block": 15}}, {"model": "builder.button", "pk": 9, "fields": {"href": "/contacto", "title": "CONTA\u0301CTANOS", "block": 17}}, {"model": "builder.button", "pk": 10, "fields": {"href": "/contacto", "title": "VER EN GOOGLE MAPS", "block": 19}}, {"model": "builder.button", "pk": 11, "fields": {"href": "/contacto", "title": "Ver en Google Maps", "block": 20}}]