[{"model": "builder.section", "pk": 1, "fields": {"name": "inicio", "slug": "inicio", "order": 0}}, {"model": "builder.section", "pk": 2, "fields": {"name": "Escuela", "slug": "/escuela", "order": 0}}, {"model": "builder.block", "pk": 1, "fields": {"name": "block 1 - banner", "order": 0, "section": 1}}, {"model": "builder.block", "pk": 2, "fields": {"name": "block 2  - classes", "order": 0, "section": 1}}, {"model": "builder.block", "pk": 3, "fields": {"name": "block 3 - pas de chat", "order": 0, "section": 1}}, {"model": "builder.block", "pk": 4, "fields": {"name": "block 4 - nuestra escuela", "order": 0, "section": 1}}, {"model": "builder.block", "pk": 5, "fields": {"name": "block 1 - slider", "order": 0, "section": 2}}, {"model": "builder.block", "pk": 6, "fields": {"name": "block 2 - nuestra escuela", "order": 0, "section": 2}}, {"model": "builder.block", "pk": 7, "fields": {"name": "block 3 - excelencia", "order": 0, "section": 2}}, {"model": "builder.block", "pk": 8, "fields": {"name": "block 4 - pas de chat", "order": 0, "section": 2}}, {"model": "builder.block", "pk": 9, "fields": {"name": "block 5 - staff", "order": 0, "section": 2}}, {"model": "builder.block", "pk": 10, "fields": {"name": "block 6 - listShow", "order": 0, "section": 2}}, {"model": "builder.block", "pk": 11, "fields": {"name": "block 7 - testimoniales", "order": 0, "section": 2}}, {"model": "builder.block", "pk": 12, "fields": {"name": "block 8 - descargas", "order": 0, "section": 2}}, {"model": "builder.slide", "pk": 2, "fields": {"image": "/images/placeholder.png", "title": "nuestra escuela", "button_title": "", "button_url": "", "content": "", "block": 4}}, {"model": "builder.slide", "pk": 3, "fields": {"image": "/images/placeholder.png", "title": "nuestra escuela", "button_title": "", "button_url": "", "content": "", "block": 4}}, {"model": "builder.slide", "pk": 4, "fields": {"image": "", "title": "Nuestra Escuela", "button_title": "", "button_url": "", "content": "<p>Somos una Escuela de gran prestigio en el a\u0301mbito de la Danza, altamente especializada en las te\u0301cnicas de Ballet, Jazz y Flamenco desde 1987. Nuestro principal compromiso es lograr que las alumnas aprovechen el tiempo de forma positiva ejercitando las te\u0301cnicas de baile con un balance entre disciplina y convivencia.</p>\r\n<p>A trave\u0301s de la expresio\u0301n corporal y este\u0301tica de los movimientos, las alumnas adquieren una mejor coordinacio\u0301n, corrigen su postura, siguen un re\u0301gimen alimenticio y moldean su silueta. La formacio\u0301n en el a\u0301mbito de la danza implica aprender a trabajar en equipo adema\u0301s de lograr un mayor desenvolvimiento, adquirir confianza en si\u0301 mismas y obtener crecimiento personal.</p>", "block": 6}}, {"model": "builder.slide", "pk": 5, "fields": {"image": "", "title": "Nuestra Escuela2", "button_title": "", "button_url": "", "content": "<p>Somos una Escuela de gran prestigio en el a\u0301mbito de la Danza, altamente especializada en las te\u0301cnicas de Ballet, Jazz y Flamenco desde 1987. Nuestro principal compromiso es lograr que las alumnas aprovechen el tiempo de forma positiva ejercitando las te\u0301cnicas de baile con un balance entre disciplina y convivencia.</p>\r\n<p>A trave\u0301s de la expresio\u0301n corporal y este\u0301tica de los movimientos, las alumnas adquieren una mejor coordinacio\u0301n, corrigen su postura, siguen un re\u0301gimen alimenticio y moldean su silueta. La formacio\u0301n en el a\u0301mbito de la danza implica aprender a trabajar en equipo adema\u0301s de lograr un mayor desenvolvimiento, adquirir confianza en si\u0301 mismas y obtener crecimiento personal.</p>", "block": 6}}, {"model": "builder.slide", "pk": 6, "fields": {"image": "", "title": "Nuestra Escuela3", "button_title": "", "button_url": "", "content": "<p>Somos una Escuela de gran prestigio en el a\u0301mbito de la Danza, altamente especializada en las te\u0301cnicas de Ballet, Jazz y Flamenco desde 1987. Nuestro principal compromiso es lograr que las alumnas aprovechen el tiempo de forma positiva ejercitando las te\u0301cnicas de baile con un balance entre disciplina y convivencia.</p>\r\n<p>A trave\u0301s de la expresio\u0301n corporal y este\u0301tica de los movimientos, las alumnas adquieren una mejor coordinacio\u0301n, corrigen su postura, siguen un re\u0301gimen alimenticio y moldean su silueta. La formacio\u0301n en el a\u0301mbito de la danza implica aprender a trabajar en equipo adema\u0301s de lograr un mayor desenvolvimiento, adquirir confianza en si\u0301 mismas y obtener crecimiento personal.</p>", "block": 6}}, {"model": "builder.slide", "pk": 7, "fields": {"image": "", "title": "Pas de Chat1", "button_title": "", "button_url": "", "content": "<p>Es un grupo de danza constituido por alumnas seleccionadas de la Escuela de danza Pavlova, a partir de su desempen\u0303o sobresaliente en las disciplinas de Ballet y Jazz.</p>\r\n<p>Las alumnas que integran este grupo se entrenan entre 8 y 11 horas a la semana en diferentes a\u0301reas danci\u0301sticas como ballet, jazz, tap y acondicionamiento fi\u0301sico orientado a bailarines con el fin de participar en competencias, presentaciones especiales y prepararse para alcanzar un nivel profesional.\r\n</p>", "block": 8}}, {"model": "builder.slide", "pk": 8, "fields": {"image": "", "title": "Pas de Chat2", "button_title": "", "button_url": "", "content": "<p>Es un grupo de danza constituido por alumnas seleccionadas de la Escuela de danza Pavlova, a partir de su desempen\u0303o sobresaliente en las disciplinas de Ballet y Jazz.</p>\r\n<p>Las alumnas que integran este grupo se entrenan entre 8 y 11 horas a la semana en diferentes a\u0301reas danci\u0301sticas como ballet, jazz, tap y acondicionamiento fi\u0301sico orientado a bailarines con el fin de participar en competencias, presentaciones especiales y prepararse para alcanzar un nivel profesional.\r\n</p>", "block": 8}}, {"model": "builder.slide", "pk": 9, "fields": {"image": "", "title": "Patricia Mercado", "button_title": "", "button_url": "", "content": "Pavlova, una escuela de danza que te ayuda a despertar tu bailarina interior, no importa la edad que tengas, puedes asistir y disfrutar de esta excelente academia.\r\nMi hija Mo\u0301nica y yo somos orgullosamente alumnas de Pavlova", "block": 11}}, {"model": "builder.slide", "pk": 10, "fields": {"image": "", "title": "Patricia Mercado2", "button_title": "", "button_url": "", "content": "Pavlova, una escuela de danza que te ayuda a despertar tu bailarina interior, no importa la edad que tengas, puedes asistir y disfrutar de esta excelente academia.\r\nMi hija Mo\u0301nica y yo somos orgullosamente alumnas de Pavlova", "block": 11}}, {"model": "builder.title", "pk": 1, "fields": {"content": "Pas de Chat", "block": 3}}, {"model": "builder.title", "pk": 2, "fields": {"content": "Nuestra Escuela", "block": 4}}, {"model": "builder.title", "pk": 3, "fields": {"content": "ESCUELA", "block": 5}}, {"model": "builder.title", "pk": 4, "fields": {"content": "Experiencia arti\u0301stica que armoniza mente y cuerpo", "block": 6}}, {"model": "builder.title", "pk": 5, "fields": {"content": "excelencia", "block": 7}}, {"model": "builder.title", "pk": 6, "fields": {"content": "STAFF", "block": 9}}, {"model": "builder.title", "pk": 7, "fields": {"content": "Testimoniales", "block": 11}}, {"model": "builder.title", "pk": 8, "fields": {"content": "HORARIOS", "block": 12}}, {"model": "builder.title", "pk": 9, "fields": {"content": "REGLAMENTO", "block": 12}}, {"model": "builder.title", "pk": 10, "fields": {"content": "FICHA DE INSCRIPCIO\u0301N", "block": 12}}, {"model": "builder.paragraph", "pk": 1, "fields": {"content": "Compromiso de excelencia con la danza", "block": 3}}, {"model": "builder.paragraph", "pk": 2, "fields": {"content": "Somos una Escuela de gran prestigio en el a\u0301mbito de la Danza, altamente especializada en las te\u0301cnicas de Ballet, Jazz y Flamenco desde 1987. Nuestro principal compromiso es lograr que las alumnas aprovechen el tiempo de forma positiva ejercitando las te\u0301cnicas de baile con un balance entre disciplina y convivencia.", "block": 4}}, {"model": "builder.paragraph", "pk": 3, "fields": {"content": "Prestigio desde 1987", "block": 5}}, {"model": "builder.image", "pk": 1, "fields": {"alt": "entrega", "src": "/images/placeholder.png", "block": 1}}, {"model": "builder.image", "pk": 2, "fields": {"alt": "pas de chat", "src": "/images/placeholder.png", "block": 3}}, {"model": "builder.image", "pk": 3, "fields": {"alt": "escuela", "src": "/images/placeholder.png", "block": 5}}, {"model": "builder.image", "pk": 4, "fields": {"alt": "nuestra escuela", "src": "/images/placeholder.png", "block": 6}}, {"model": "builder.image", "pk": 5, "fields": {"alt": "excelencia", "src": "/images/placeholder.png", "block": 7}}, {"model": "builder.image", "pk": 6, "fields": {"alt": "pas de chats", "src": "/images/placeholder.png", "block": 8}}, {"model": "builder.image", "pk": 7, "fields": {"alt": "STAFF", "src": "/images/placeholder.png", "block": 9}}, {"model": "builder.button", "pk": 1, "fields": {"title": "BAILA JAZZ", "href": "/clases/jazz", "block": 1}}, {"model": "builder.button", "pk": 2, "fields": {"title": "BALLET", "href": "/clases/ballet", "block": 2}}, {"model": "builder.button", "pk": 3, "fields": {"title": "JAZZ", "href": "/clases/jazz", "block": 2}}, {"model": "builder.button", "pk": 4, "fields": {"title": "FLAMENCO", "href": "/clases/flamenco", "block": 2}}, {"model": "builder.button", "pk": 5, "fields": {"title": "KARDIO DANZA", "href": "/clases/kardio-danza", "block": 2}}, {"model": "builder.button", "pk": 6, "fields": {"title": "BARRE\u0301", "href": "/clases/barre", "block": 2}}, {"model": "builder.button", "pk": 7, "fields": {"title": "CONOCE MA\u0301S", "href": "/escuela", "block": 3}}, {"model": "builder.button", "pk": 8, "fields": {"title": "CONOCE MA\u0301S", "href": "/escuela", "block": 4}}, {"model": "builder.button", "pk": 9, "fields": {"title": "CONTA\u0301CTANOS", "href": "/contacto", "block": 6}}, {"model": "builder.button", "pk": 10, "fields": {"title": "HORARIOS", "href": "/docs/doc.pdf", "block": 12}}, {"model": "builder.button", "pk": 11, "fields": {"title": "REGLAMENTO", "href": "/docs/doc.pdf", "block": 12}}, {"model": "builder.button", "pk": 12, "fields": {"title": "FICHA DE INSCRIPCIO\u0301N", "href": "/docs/doc.pdf", "block": 12}}]