[{"model": "builder.section", "pk": 1, "fields": {"name": "Inicio", "slug": "inicio", "order": 0}}, {"model": "builder.section", "pk": 2, "fields": {"name": "Escuela", "slug": "/escuela", "order": 0}}, {"model": "builder.section", "pk": 3, "fields": {"name": "Clases", "slug": "clases", "order": 0}}, {"model": "builder.section", "pk": 4, "fields": {"name": "Contacto", "slug": "contacto", "order": 0}}, {"model": "builder.block", "pk": 1, "fields": {"name": "block 1 - banner", "order": 0, "section": 1}}, {"model": "builder.block", "pk": 2, "fields": {"name": "block 2  - classes", "order": 0, "section": 1}}, {"model": "builder.block", "pk": 3, "fields": {"name": "block 3 - pas de chat", "order": 0, "section": 1}}, {"model": "builder.block", "pk": 4, "fields": {"name": "block 4 - nuestra escuela", "order": 0, "section": 1}}, {"model": "builder.block", "pk": 5, "fields": {"name": "block 1 - slider", "order": 0, "section": 2}}, {"model": "builder.block", "pk": 6, "fields": {"name": "block 2 - nuestra escuela", "order": 0, "section": 2}}, {"model": "builder.block", "pk": 7, "fields": {"name": "block 3 - excelencia", "order": 0, "section": 2}}, {"model": "builder.block", "pk": 8, "fields": {"name": "block 4 - pas de chat", "order": 0, "section": 2}}, {"model": "builder.block", "pk": 9, "fields": {"name": "block 5 - staff", "order": 0, "section": 2}}, {"model": "builder.block", "pk": 10, "fields": {"name": "block 6 - listShow", "order": 0, "section": 2}}, {"model": "builder.block", "pk": 11, "fields": {"name": "block 7 - testimoniales", "order": 0, "section": 2}}, {"model": "builder.block", "pk": 12, "fields": {"name": "block 8 - descargas", "order": 0, "section": 2}}, {"model": "builder.block", "pk": 13, "fields": {"name": "block 1 - banner", "order": 0, "section": 3}}, {"model": "builder.block", "pk": 14, "fields": {"name": "block 2 - clases", "order": 0, "section": 3}}, {"model": "builder.block", "pk": 15, "fields": {"name": "block 3 - ballet", "order": 0, "section": 3}}, {"model": "builder.block", "pk": 16, "fields": {"name": "block 4 - jazz", "order": 0, "section": 3}}, {"model": "builder.block", "pk": 17, "fields": {"name": "block 5 - flamenco", "order": 0, "section": 3}}, {"model": "builder.block", "pk": 18, "fields": {"name": "block 6 - kardio", "order": 0, "section": 3}}, {"model": "builder.block", "pk": 19, "fields": {"name": "block 7 - barre", "order": 0, "section": 3}}, {"model": "builder.block", "pk": 20, "fields": {"name": "block 8 - descargas", "order": 0, "section": 3}}, {"model": "builder.block", "pk": 21, "fields": {"name": "block 1 - mapa", "order": 0, "section": 4}}, {"model": "builder.block", "pk": 22, "fields": {"name": "block 2 - contact", "order": 0, "section": 4}}, {"model": "builder.slide", "pk": 2, "fields": {"image": "/images/placeholder.png", "title": "nuestra escuela", "button_title": "", "button_url": "", "content": "", "block": 4}}, {"model": "builder.slide", "pk": 3, "fields": {"image": "/images/placeholder.png", "title": "nuestra escuela", "button_title": "", "button_url": "", "content": "", "block": 4}}, {"model": "builder.slide", "pk": 4, "fields": {"image": "", "title": "Nuestra Escuela", "button_title": "", "button_url": "", "content": "<p>Somos una Escuela de gran prestigio en el a\u0301mbito de la Danza, altamente especializada en las te\u0301cnicas de Ballet, Jazz y Flamenco desde 1987. Nuestro principal compromiso es lograr que las alumnas aprovechen el tiempo de forma positiva ejercitando las te\u0301cnicas de baile con un balance entre disciplina y convivencia.</p>\r\n<p>A trave\u0301s de la expresio\u0301n corporal y este\u0301tica de los movimientos, las alumnas adquieren una mejor coordinacio\u0301n, corrigen su postura, siguen un re\u0301gimen alimenticio y moldean su silueta. La formacio\u0301n en el a\u0301mbito de la danza implica aprender a trabajar en equipo adema\u0301s de lograr un mayor desenvolvimiento, adquirir confianza en si\u0301 mismas y obtener crecimiento personal.</p>", "block": 6}}, {"model": "builder.slide", "pk": 5, "fields": {"image": "", "title": "Nuestra Escuela2", "button_title": "", "button_url": "", "content": "<p>Somos una Escuela de gran prestigio en el a\u0301mbito de la Danza, altamente especializada en las te\u0301cnicas de Ballet, Jazz y Flamenco desde 1987. Nuestro principal compromiso es lograr que las alumnas aprovechen el tiempo de forma positiva ejercitando las te\u0301cnicas de baile con un balance entre disciplina y convivencia.</p>\r\n<p>A trave\u0301s de la expresio\u0301n corporal y este\u0301tica de los movimientos, las alumnas adquieren una mejor coordinacio\u0301n, corrigen su postura, siguen un re\u0301gimen alimenticio y moldean su silueta. La formacio\u0301n en el a\u0301mbito de la danza implica aprender a trabajar en equipo adema\u0301s de lograr un mayor desenvolvimiento, adquirir confianza en si\u0301 mismas y obtener crecimiento personal.</p>", "block": 6}}, {"model": "builder.slide", "pk": 6, "fields": {"image": "", "title": "Nuestra Escuela3", "button_title": "", "button_url": "", "content": "<p>Somos una Escuela de gran prestigio en el a\u0301mbito de la Danza, altamente especializada en las te\u0301cnicas de Ballet, Jazz y Flamenco desde 1987. Nuestro principal compromiso es lograr que las alumnas aprovechen el tiempo de forma positiva ejercitando las te\u0301cnicas de baile con un balance entre disciplina y convivencia.</p>\r\n<p>A trave\u0301s de la expresio\u0301n corporal y este\u0301tica de los movimientos, las alumnas adquieren una mejor coordinacio\u0301n, corrigen su postura, siguen un re\u0301gimen alimenticio y moldean su silueta. La formacio\u0301n en el a\u0301mbito de la danza implica aprender a trabajar en equipo adema\u0301s de lograr un mayor desenvolvimiento, adquirir confianza en si\u0301 mismas y obtener crecimiento personal.</p>", "block": 6}}, {"model": "builder.slide", "pk": 7, "fields": {"image": "", "title": "Pas de Chat1", "button_title": "", "button_url": "", "content": "<p>Es un grupo de danza constituido por alumnas seleccionadas de la Escuela de danza Pavlova, a partir de su desempen\u0303o sobresaliente en las disciplinas de Ballet y Jazz.</p>\r\n<p>Las alumnas que integran este grupo se entrenan entre 8 y 11 horas a la semana en diferentes a\u0301reas danci\u0301sticas como ballet, jazz, tap y acondicionamiento fi\u0301sico orientado a bailarines con el fin de participar en competencias, presentaciones especiales y prepararse para alcanzar un nivel profesional.\r\n</p>", "block": 8}}, {"model": "builder.slide", "pk": 8, "fields": {"image": "", "title": "Pas de Chat2", "button_title": "", "button_url": "", "content": "<p>Es un grupo de danza constituido por alumnas seleccionadas de la Escuela de danza Pavlova, a partir de su desempen\u0303o sobresaliente en las disciplinas de Ballet y Jazz.</p>\r\n<p>Las alumnas que integran este grupo se entrenan entre 8 y 11 horas a la semana en diferentes a\u0301reas danci\u0301sticas como ballet, jazz, tap y acondicionamiento fi\u0301sico orientado a bailarines con el fin de participar en competencias, presentaciones especiales y prepararse para alcanzar un nivel profesional.\r\n</p>", "block": 8}}, {"model": "builder.slide", "pk": 9, "fields": {"image": "", "title": "Patricia Mercado", "button_title": "", "button_url": "", "content": "Pavlova, una escuela de danza que te ayuda a despertar tu bailarina interior, no importa la edad que tengas, puedes asistir y disfrutar de esta excelente academia.\r\nMi hija Mo\u0301nica y yo somos orgullosamente alumnas de Pavlova", "block": 11}}, {"model": "builder.slide", "pk": 10, "fields": {"image": "", "title": "Patricia Mercado2", "button_title": "", "button_url": "", "content": "Pavlova, una escuela de danza que te ayuda a despertar tu bailarina interior, no importa la edad que tengas, puedes asistir y disfrutar de esta excelente academia.\r\nMi hija Mo\u0301nica y yo somos orgullosamente alumnas de Pavlova", "block": 11}}, {"model": "builder.slide", "pk": 11, "fields": {"image": "/images/placeholder.png", "title": "", "button_title": "", "button_url": "", "content": "", "block": 15}}, {"model": "builder.slide", "pk": 12, "fields": {"image": "/images/placeholder.png", "title": "", "button_title": "", "button_url": "", "content": "", "block": 15}}, {"model": "builder.slide", "pk": 13, "fields": {"image": "/images/placeholder.png", "title": "", "button_title": "", "button_url": "", "content": "", "block": 16}}, {"model": "builder.slide", "pk": 14, "fields": {"image": "/images/placeholder.png", "title": "", "button_title": "", "button_url": "", "content": "", "block": 16}}, {"model": "builder.slide", "pk": 15, "fields": {"image": "/images/placeholder.png", "title": "", "button_title": "", "button_url": "", "content": "", "block": 17}}, {"model": "builder.slide", "pk": 16, "fields": {"image": "/images/placeholder.png", "title": "", "button_title": "", "button_url": "", "content": "", "block": 17}}, {"model": "builder.slide", "pk": 17, "fields": {"image": "/images/placeholder.png", "title": "", "button_title": "", "button_url": "", "content": "", "block": 18}}, {"model": "builder.slide", "pk": 18, "fields": {"image": "/images/placeholder.png", "title": "", "button_title": "", "button_url": "", "content": "", "block": 18}}, {"model": "builder.slide", "pk": 19, "fields": {"image": "/images/placeholder.png", "title": "", "button_title": "", "button_url": "", "content": "", "block": 19}}, {"model": "builder.slide", "pk": 20, "fields": {"image": "/images/placeholder.png", "title": "", "button_title": "", "button_url": "", "content": "", "block": 19}}, {"model": "builder.title", "pk": 1, "fields": {"content": "Pas de Chat", "block": 3}}, {"model": "builder.title", "pk": 2, "fields": {"content": "Nuestra Escuela", "block": 4}}, {"model": "builder.title", "pk": 3, "fields": {"content": "ESCUELA", "block": 5}}, {"model": "builder.title", "pk": 4, "fields": {"content": "Experiencia arti\u0301stica que armoniza mente y cuerpo", "block": 6}}, {"model": "builder.title", "pk": 5, "fields": {"content": "excelencia", "block": 7}}, {"model": "builder.title", "pk": 6, "fields": {"content": "STAFF", "block": 9}}, {"model": "builder.title", "pk": 7, "fields": {"content": "Testimoniales", "block": 11}}, {"model": "builder.title", "pk": 8, "fields": {"content": "HORARIOS", "block": 12}}, {"model": "builder.title", "pk": 9, "fields": {"content": "REGLAMENTO", "block": 12}}, {"model": "builder.title", "pk": 10, "fields": {"content": "FICHA DE INSCRIPCIO\u0301N", "block": 12}}, {"model": "builder.title", "pk": 11, "fields": {"content": "CLASES", "block": 13}}, {"model": "builder.title", "pk": 12, "fields": {"content": "BALLET", "block": 15}}, {"model": "builder.title", "pk": 13, "fields": {"content": "JAZZ", "block": 16}}, {"model": "builder.title", "pk": 14, "fields": {"content": "FLAMENCO", "block": 17}}, {"model": "builder.title", "pk": 15, "fields": {"content": "KARDIO DANZA", "block": 18}}, {"model": "builder.title", "pk": 16, "fields": {"content": "BARRE\u0301", "block": 19}}, {"model": "builder.title", "pk": 17, "fields": {"content": "HORARIOS", "block": 20}}, {"model": "builder.title", "pk": 18, "fields": {"content": "REGLAMENTO", "block": 20}}, {"model": "builder.title", "pk": 19, "fields": {"content": "FICHA DE INSCRIPCIO\u0301N", "block": 20}}, {"model": "builder.title", "pk": 20, "fields": {"content": "Conta\u0301ctanos", "block": 22}}, {"model": "builder.title", "pk": 21, "fields": {"content": "Ubicacio\u0301n", "block": 22}}, {"model": "builder.title", "pk": 22, "fields": {"content": "Lla\u0301manos", "block": 22}}, {"model": "builder.paragraph", "pk": 1, "fields": {"content": "Compromiso de excelencia con la danza", "block": 3}}, {"model": "builder.paragraph", "pk": 2, "fields": {"content": "Somos una Escuela de gran prestigio en el a\u0301mbito de la Danza, altamente especializada en las te\u0301cnicas de Ballet, Jazz y Flamenco desde 1987. Nuestro principal compromiso es lograr que las alumnas aprovechen el tiempo de forma positiva ejercitando las te\u0301cnicas de baile con un balance entre disciplina y convivencia.", "block": 4}}, {"model": "builder.paragraph", "pk": 3, "fields": {"content": "Prestigio desde 1987", "block": 5}}, {"model": "builder.paragraph", "pk": 4, "fields": {"content": "Compromiso de excelencia con la danza", "block": 13}}, {"model": "builder.paragraph", "pk": 5, "fields": {"content": "Los movimientos de Ballet se distinguen especialmente por ser estilizados y transmitir una sensacio\u0301n de amplitud y esplendor. Brindamos un entrenamiento que demanda gran constancia, debido a la concentracio\u0301n requerida para dominar el cuerpo, desarrollando la coordinacio\u0301n, fuerza, flexibilidad y ritmo musical.", "block": 15}}, {"model": "builder.paragraph", "pk": 6, "fields": {"content": "La danza Jazz combina armoniosamente ritmos y estilos que se fusionan con te\u0301cnicas exigentes y movimientos que impli- can autenticidad y estilo individual. La pra\u0301ctica de Jazz per- mite que las alumnas trabajen todo el cuerpo obteniendo flexibilidad y tonicidad muscular, adema\u0301s de estilizar los movimientos, ejercitar la memoria y agudizar los sentidos.", "block": 16}}, {"model": "builder.paragraph", "pk": 7, "fields": {"content": "Flamenco es una modalidad de baile en la que los movimien- tos de pies, manos y brazos son muy precisos y coordinados. Al ejercerlo, las alumnas aprenden a concentrarse y respirar correctamente, desarrollan su sensibilidad y creatividad nat- ural, adema\u0301s de forjar su cara\u0301cter debido al trabajo interno que se requiere para su interpretacio\u0301n.", "block": 17}}, {"model": "builder.paragraph", "pk": 8, "fields": {"content": "Esta disciplina es una forma de hacer ejercicio bailando, ven a disfrutar tu clase los lunes, mie\u0301rcoles y viernes de 9:00 a 10:00 a.m. y lunes y mie\u0301rcoles de 8:00 a 9:00 p.m. con el maestro Rhonal Ruvalcaba.", "block": 18}}, {"model": "builder.paragraph", "pk": 9, "fields": {"content": "Me\u0301todo innovador y efectivo, que mezcla distintas disciplinas como Yoga, Pilates y Ballet. Todas estas integradas en una sola clase con el objetivo de moldear el cuerpo femenino, tonificarlo y fortalecerlo.", "block": 19}}, {"model": "builder.paragraph", "pk": 10, "fields": {"content": "Av. Allende #38 Col. Hipo\u0301dromo", "block": 22}}, {"model": "builder.paragraph", "pk": 11, "fields": {"content": "Tijuana, B.C.", "block": 22}}, {"model": "builder.paragraph", "pk": 12, "fields": {"content": "info@pavlovahipodromo.com", "block": 22}}, {"model": "builder.paragraph", "pk": 13, "fields": {"content": "664 686.27.87", "block": 22}}, {"model": "builder.image", "pk": 1, "fields": {"alt": "entrega", "src": "/images/placeholder.png", "block": 1}}, {"model": "builder.image", "pk": 2, "fields": {"alt": "pas de chat", "src": "/images/placeholder.png", "block": 3}}, {"model": "builder.image", "pk": 3, "fields": {"alt": "escuela", "src": "/images/placeholder.png", "block": 5}}, {"model": "builder.image", "pk": 4, "fields": {"alt": "nuestra escuela", "src": "/images/placeholder.png", "block": 6}}, {"model": "builder.image", "pk": 5, "fields": {"alt": "excelencia", "src": "/images/placeholder.png", "block": 7}}, {"model": "builder.image", "pk": 6, "fields": {"alt": "pas de chats", "src": "/images/placeholder.png", "block": 8}}, {"model": "builder.image", "pk": 7, "fields": {"alt": "STAFF", "src": "/images/placeholder.png", "block": 9}}, {"model": "builder.image", "pk": 8, "fields": {"alt": "clases", "src": "/images/placeholder.png", "block": 13}}, {"model": "builder.image", "pk": 9, "fields": {"alt": "contacto", "src": "/images/placeholder.png", "block": 21}}, {"model": "builder.button", "pk": 1, "fields": {"title": "BAILA JAZZ", "href": "/clases/jazz", "block": 1}}, {"model": "builder.button", "pk": 2, "fields": {"title": "BALLET", "href": "/clases/ballet", "block": 2}}, {"model": "builder.button", "pk": 3, "fields": {"title": "JAZZ", "href": "/clases/jazz", "block": 2}}, {"model": "builder.button", "pk": 4, "fields": {"title": "FLAMENCO", "href": "/clases/flamenco", "block": 2}}, {"model": "builder.button", "pk": 5, "fields": {"title": "KARDIO DANZA", "href": "/clases/kardio-danza", "block": 2}}, {"model": "builder.button", "pk": 6, "fields": {"title": "BARRE\u0301", "href": "/clases/barre", "block": 2}}, {"model": "builder.button", "pk": 7, "fields": {"title": "CONOCE MA\u0301S", "href": "/escuela", "block": 3}}, {"model": "builder.button", "pk": 8, "fields": {"title": "CONOCE MA\u0301S", "href": "/escuela", "block": 4}}, {"model": "builder.button", "pk": 9, "fields": {"title": "CONTA\u0301CTANOS", "href": "/contacto", "block": 6}}, {"model": "builder.button", "pk": 10, "fields": {"title": "HORARIOS", "href": "/docs/doc.pdf", "block": 12}}, {"model": "builder.button", "pk": 11, "fields": {"title": "REGLAMENTO", "href": "/docs/doc.pdf", "block": 12}}, {"model": "builder.button", "pk": 12, "fields": {"title": "FICHA DE INSCRIPCIO\u0301N", "href": "/docs/doc.pdf", "block": 12}}, {"model": "builder.button", "pk": 13, "fields": {"title": "BALLET", "href": "/clases/ballet", "block": 14}}, {"model": "builder.button", "pk": 14, "fields": {"title": "JAZZ", "href": "/clases/jazz", "block": 14}}, {"model": "builder.button", "pk": 15, "fields": {"title": "FLAMENCO", "href": "/clases/flamenco", "block": 14}}, {"model": "builder.button", "pk": 16, "fields": {"title": "KARDIO DANZA", "href": "/clases/kardio-danza", "block": 14}}, {"model": "builder.button", "pk": 17, "fields": {"title": "BARRE\u0301", "href": "/clases/barre", "block": 14}}, {"model": "builder.button", "pk": 18, "fields": {"title": "HORARIOS", "href": "/clases/horarios", "block": 15}}, {"model": "builder.button", "pk": 19, "fields": {"title": "VER GALERI\u0301AS", "href": "/clases/ver-galerias", "block": 15}}, {"model": "builder.button", "pk": 20, "fields": {"title": "HORARIOS", "href": "/clases/horarios", "block": 16}}, {"model": "builder.button", "pk": 21, "fields": {"title": "VER GALERI\u0301AS", "href": "/clases/ver-galerias", "block": 16}}, {"model": "builder.button", "pk": 22, "fields": {"title": "HORARIOS", "href": "/clases/horarios", "block": 17}}, {"model": "builder.button", "pk": 23, "fields": {"title": "VER GALERI\u0301AS", "href": "/clases/ver-galerias", "block": 17}}, {"model": "builder.button", "pk": 24, "fields": {"title": "HORARIOS", "href": "/clases/horarios", "block": 18}}, {"model": "builder.button", "pk": 25, "fields": {"title": "HORARIOS", "href": "/clases/horarios", "block": 19}}, {"model": "builder.button", "pk": 26, "fields": {"title": "HORARIOS", "href": "/docs/doc.pdf", "block": 20}}, {"model": "builder.button", "pk": 27, "fields": {"title": "REGLAMENTO", "href": "/docs/doc.pdf", "block": 20}}, {"model": "builder.button", "pk": 28, "fields": {"title": "FICHA DE INSCRIPCIO\u0301N", "href": "/docs/doc.pdf", "block": 20}}, {"model": "builder.button", "pk": 29, "fields": {"title": "Ver en Google Maps", "href": "/contacto/maps", "block": 22}}, {"model": "builder.button", "pk": 30, "fields": {"title": "Si\u0301guenos en Facebook", "href": "/contacto/fb", "block": 22}}]