[{"fields": {"model": "logentry", "app_label": "admin"}, "model": "contenttypes.contenttype", "pk": 1}, {"fields": {"model": "permission", "app_label": "auth"}, "model": "contenttypes.contenttype", "pk": 2}, {"fields": {"model": "group", "app_label": "auth"}, "model": "contenttypes.contenttype", "pk": 3}, {"fields": {"model": "user", "app_label": "auth"}, "model": "contenttypes.contenttype", "pk": 4}, {"fields": {"model": "contenttype", "app_label": "contenttypes"}, "model": "contenttypes.contenttype", "pk": 5}, {"fields": {"model": "session", "app_label": "sessions"}, "model": "contenttypes.contenttype", "pk": 6}, {"fields": {"model": "corsmodel", "app_label": "corsheaders"}, "model": "contenttypes.contenttype", "pk": 7}, {"fields": {"model": "section", "app_label": "builder"}, "model": "contenttypes.contenttype", "pk": 8}, {"fields": {"model": "block", "app_label": "builder"}, "model": "contenttypes.contenttype", "pk": 9}, {"fields": {"model": "slide", "app_label": "builder"}, "model": "contenttypes.contenttype", "pk": 10}, {"fields": {"model": "title", "app_label": "builder"}, "model": "contenttypes.contenttype", "pk": 11}, {"fields": {"model": "paragraph", "app_label": "builder"}, "model": "contenttypes.contenttype", "pk": 12}, {"fields": {"model": "image", "app_label": "builder"}, "model": "contenttypes.contenttype", "pk": 13}, {"fields": {"model": "button", "app_label": "builder"}, "model": "contenttypes.contenttype", "pk": 14}, {"fields": {"expire_date": "2016-10-19T23:08:19.846Z", "session_data": "ZTI4NzBkOTkwNzU5MWRhYjRkZDUwNzhhZTUzMTQyYzNlODcyZWM4Njp7Il9hdXRoX3VzZXJfaGFzaCI6IjVlODA0ZDVhMmVjZjliOTNjMGZkYmQwOGIwZGMwYmU2NGJjYTM3MGMiLCJfYXV0aF91c2VyX2JhY2tlbmQiOiJkamFuZ28uY29udHJpYi5hdXRoLmJhY2tlbmRzLk1vZGVsQmFja2VuZCIsIl9hdXRoX3VzZXJfaWQiOiIxIn0="}, "model": "sessions.session", "pk": "1a6imohtzhjymx9imjsqlak7rcm4uc2p"}, {"fields": {"expire_date": "2016-09-29T19:43:57.366Z", "session_data": "ZTI4NzBkOTkwNzU5MWRhYjRkZDUwNzhhZTUzMTQyYzNlODcyZWM4Njp7Il9hdXRoX3VzZXJfaGFzaCI6IjVlODA0ZDVhMmVjZjliOTNjMGZkYmQwOGIwZGMwYmU2NGJjYTM3MGMiLCJfYXV0aF91c2VyX2JhY2tlbmQiOiJkamFuZ28uY29udHJpYi5hdXRoLmJhY2tlbmRzLk1vZGVsQmFja2VuZCIsIl9hdXRoX3VzZXJfaWQiOiIxIn0="}, "model": "sessions.session", "pk": "5nrpltbliuhpagjmejlp4vqwtbysn0p5"}, {"fields": {"expire_date": "2016-05-25T02:12:14.033Z", "session_data": "ZTI4NzBkOTkwNzU5MWRhYjRkZDUwNzhhZTUzMTQyYzNlODcyZWM4Njp7Il9hdXRoX3VzZXJfaGFzaCI6IjVlODA0ZDVhMmVjZjliOTNjMGZkYmQwOGIwZGMwYmU2NGJjYTM3MGMiLCJfYXV0aF91c2VyX2JhY2tlbmQiOiJkamFuZ28uY29udHJpYi5hdXRoLmJhY2tlbmRzLk1vZGVsQmFja2VuZCIsIl9hdXRoX3VzZXJfaWQiOiIxIn0="}, "model": "sessions.session", "pk": "ckojs9jb4z6f2kysf32qgv2oxdlv8hnd"}, {"fields": {"expire_date": "2016-05-24T18:03:01.131Z", "session_data": "ZTI4NzBkOTkwNzU5MWRhYjRkZDUwNzhhZTUzMTQyYzNlODcyZWM4Njp7Il9hdXRoX3VzZXJfaGFzaCI6IjVlODA0ZDVhMmVjZjliOTNjMGZkYmQwOGIwZGMwYmU2NGJjYTM3MGMiLCJfYXV0aF91c2VyX2JhY2tlbmQiOiJkamFuZ28uY29udHJpYi5hdXRoLmJhY2tlbmRzLk1vZGVsQmFja2VuZCIsIl9hdXRoX3VzZXJfaWQiOiIxIn0="}, "model": "sessions.session", "pk": "jhg7qqmtfnh1oo0k8faavj1cw2zrp02c"}, {"fields": {"order": 0, "name": "Inicio", "slug": "inicio"}, "model": "builder.section", "pk": 1}, {"fields": {"order": 0, "name": "Escuela", "slug": "/escuela"}, "model": "builder.section", "pk": 2}, {"fields": {"order": 0, "name": "Clases", "slug": "clases"}, "model": "builder.section", "pk": 3}, {"fields": {"order": 0, "name": "Contacto", "slug": "contacto"}, "model": "builder.section", "pk": 4}, {"fields": {"section": 1, "name": "block 1 - banner", "order": 0}, "model": "builder.block", "pk": 1}, {"fields": {"section": 1, "name": "block 2  - classes", "order": 0}, "model": "builder.block", "pk": 2}, {"fields": {"section": 1, "name": "block 3 - pas de chat", "order": 0}, "model": "builder.block", "pk": 3}, {"fields": {"section": 1, "name": "block 4 - nuestra escuela", "order": 0}, "model": "builder.block", "pk": 4}, {"fields": {"section": 2, "name": "block 1 - slider", "order": 0}, "model": "builder.block", "pk": 5}, {"fields": {"section": 2, "name": "block 2 - nuestra escuela", "order": 0}, "model": "builder.block", "pk": 6}, {"fields": {"section": 2, "name": "block 3 - excelencia", "order": 0}, "model": "builder.block", "pk": 7}, {"fields": {"section": 2, "name": "block 4 - pas de chat", "order": 0}, "model": "builder.block", "pk": 8}, {"fields": {"section": 2, "name": "block 5 - staff", "order": 0}, "model": "builder.block", "pk": 9}, {"fields": {"section": 2, "name": "block 6 - listShow", "order": 0}, "model": "builder.block", "pk": 10}, {"fields": {"section": 2, "name": "block 7 - testimoniales", "order": 0}, "model": "builder.block", "pk": 11}, {"fields": {"section": 2, "name": "block 8 - descargas", "order": 0}, "model": "builder.block", "pk": 12}, {"fields": {"section": 3, "name": "block 1 - banner", "order": 0}, "model": "builder.block", "pk": 13}, {"fields": {"section": 3, "name": "block 2 - clases", "order": 0}, "model": "builder.block", "pk": 14}, {"fields": {"section": 3, "name": "block 3 - ballet", "order": 0}, "model": "builder.block", "pk": 15}, {"fields": {"section": 3, "name": "block 4 - jazz", "order": 0}, "model": "builder.block", "pk": 16}, {"fields": {"section": 3, "name": "block 5 - flamenco", "order": 0}, "model": "builder.block", "pk": 17}, {"fields": {"section": 3, "name": "block 6 - kardio", "order": 0}, "model": "builder.block", "pk": 18}, {"fields": {"section": 3, "name": "block 7 - barre", "order": 0}, "model": "builder.block", "pk": 19}, {"fields": {"section": 3, "name": "block 8 - descargas", "order": 0}, "model": "builder.block", "pk": 20}, {"fields": {"section": 4, "name": "block 1 - mapa", "order": 0}, "model": "builder.block", "pk": 21}, {"fields": {"section": 4, "name": "block 2 - contact", "order": 0}, "model": "builder.block", "pk": 22}, {"fields": {"title": "nuestra escuela", "image": "https://www.dropbox.com/s/fa3la0rc2fgfmhm/Img-slider-escuela-01.jpg?dl=0", "content": "", "button_title": "", "button_url": "", "block": 4}, "model": "builder.slide", "pk": 2}, {"fields": {"title": "nuestra escuela", "image": "https://www.dropbox.com/s/jqxmxzl4gmvlpjd/Img-slider-escuela-02.jpg?dl=0", "content": "", "button_title": "", "button_url": "", "block": 4}, "model": "builder.slide", "pk": 3}, {"fields": {"title": "Nuestra Escuela", "image": "", "content": "<p>Somos una Escuela de gran prestigio en el a\u0301mbito de la Danza, altamente especializada en las te\u0301cnicas de Ballet, Jazz y Flamenco desde 1987. Nuestro principal compromiso es lograr que las alumnas aprovechen el tiempo de forma positiva ejercitando las te\u0301cnicas de baile con un balance entre disciplina y convivencia.</p>\r\n<p>A trave\u0301s de la expresio\u0301n corporal y este\u0301tica de los movimientos, las alumnas adquieren una mejor coordinacio\u0301n, corrigen su postura, siguen un re\u0301gimen alimenticio y moldean su silueta. La formacio\u0301n en el a\u0301mbito de la danza implica aprender a trabajar en equipo adema\u0301s de lograr un mayor desenvolvimiento, adquirir confianza en si\u0301 mismas y obtener crecimiento personal.</p>\r\n<p>Nuestra ense\u00f1anza es una propuesta de experiencia art\u00edstica que armoniza mente y cuerpo.</p>", "button_title": "", "button_url": "", "block": 6}, "model": "builder.slide", "pk": 4}, {"fields": {"title": "Nuestra Mis\u00f3n", "image": "", "content": "Ser una escuela de danza l\u00edder a nivel nacional, que ofrezca a su alumnado la oportunidad de desarrollar su pasi\u00f3n por la danza y la apreciaci\u00f3n de las bellas artes dejando as\u00ed una huella positiva en nuestra sociedad.", "button_title": "", "button_url": "", "block": 6}, "model": "builder.slide", "pk": 5}, {"fields": {"title": "Nuestra Visi\u00f3n", "image": "", "content": "Mantener el liderazgo con festivales binacionales de calidad, reinvent\u00e1ndonos constantemente para estar en la vanguardia. Tener una gran variedad de clases y maestros que asistan con alegr\u00eda, convencidos de que est\u00e1n en la mejor academia de danza. Capacitar constantemente a nuestros maestros. Compartir con orgullo nuestros logros a la sociedad, mediante los medios de comunicaci\u00f3n disponibles. Cuidando la salud integral de nuestro alumnado, asesor\u00e1ndolo en su nutrici\u00f3n, adem\u00e1s de motivar a las alumnas a participar en cursos y concursos.", "button_title": "", "button_url": "", "block": 6}, "model": "builder.slide", "pk": 6}, {"fields": {"title": "Pas de Chat", "image": "", "content": "<p>Es un grupo de danza constituido por alumnas seleccionadas de la Escuela de danza Pavlova, a partir de su desempe\u00f1o sobresaliente en las disciplinas de Ballet y Jazz.</p>\r\n<p>Las alumnas que integran este grupo se entrenan entre 8 y 11 horas a la semana en diferentes \u00e1reas danc\u00edsticas como ballet, jazz, tap y acondicionamiento f\u00edsico orientado a bailarines con el fin de participar en competencias, presentaciones especiales y prepararse para  alcanzar un nivel profesional.</p>", "button_title": "", "button_url": "", "block": 8}, "model": "builder.slide", "pk": 7}, {"fields": {"title": "Misi\u00f3n", "image": "", "content": "Identificar, proyectar y destacar el talento existente en las alumnas en la Escuela de Danza Pavlova, promoviendo valores como el respeto y la disciplina, as\u00ed como la competencia y la mejora continua, con el objetivo de forjar bailarinas profesionales.", "button_title": "", "button_url": "", "block": 8}, "model": "builder.slide", "pk": 8}, {"fields": {"title": "Patricia Mercado", "image": "", "content": "Pavlova, una escuela de danza que te ayuda a despertar tu bailarina interior, no importa la edad que tengas, puedes asistir y disfrutar de esta excelente academia.\r\nMi hija Mo\u0301nica y yo somos orgullosamente alumnas de Pavlova", "button_title": "", "button_url": "", "block": 11}, "model": "builder.slide", "pk": 9}, {"fields": {"title": "Sra. Ang\u00e9lica Virgen de L\u00f3pez de C\u00e1rdenas.", "image": "", "content": "Desde hace muchos a\u00f1os me convenc\u00ed  de que si llegaba a tener hijas ser\u00edan alumnas de Pavlova.  Hoy puedo presumir que mis hijas lo son,la mayor desde hace casi  6 a\u00f1os. El profesionalismo, disciplina, calidad y las excelentes maestras me convencieron  y yo misma tambi\u00e9n estoy feliz de ser hoy una  alumna de Pavlova.\u201d", "button_title": "", "button_url": "", "block": 11}, "model": "builder.slide", "pk": 10}, {"fields": {"title": "", "image": "https://www.dropbox.com/s/a38fiusupne72s2/img-ballet-01.jpg?dl=0", "content": "", "button_title": "", "button_url": "", "block": 15}, "model": "builder.slide", "pk": 11}, {"fields": {"title": "", "image": "https://www.dropbox.com/s/ayxjhowk681aegn/img-ballet-02.jpg?dl=0", "content": "", "button_title": "", "button_url": "", "block": 15}, "model": "builder.slide", "pk": 12}, {"fields": {"title": "", "image": "https://www.dropbox.com/s/mhrc0rzfk86iup8/img-jazz-01.jpg?dl=0", "content": "", "button_title": "", "button_url": "", "block": 16}, "model": "builder.slide", "pk": 13}, {"fields": {"title": "", "image": "https://www.dropbox.com/s/ls36xqyizus1t51/img-jazz-02.jpg?dl=0", "content": "", "button_title": "", "button_url": "", "block": 16}, "model": "builder.slide", "pk": 14}, {"fields": {"title": "", "image": "https://www.dropbox.com/s/6jdgs0tnfur91pn/img-flamenco-01.jpg?dl=0", "content": "", "button_title": "", "button_url": "", "block": 17}, "model": "builder.slide", "pk": 15}, {"fields": {"title": "", "image": "https://www.dropbox.com/s/f8d8hsswl7a5524/img-flamenco-02.jpg?dl=0", "content": "", "button_title": "", "button_url": "", "block": 17}, "model": "builder.slide", "pk": 16}, {"fields": {"title": "", "image": "https://www.dropbox.com/s/xogn7pa0g56wzy6/img-cardiodanza-01.jpg?dl=0", "content": "", "button_title": "", "button_url": "", "block": 18}, "model": "builder.slide", "pk": 17}, {"fields": {"title": "", "image": "https://www.dropbox.com/s/40nczwd0c7y9tee/img-barre-01.jpg?dl=0", "content": "", "button_title": "", "button_url": "", "block": 19}, "model": "builder.slide", "pk": 19}, {"fields": {"title": "nuestra escuela", "image": "https://www.dropbox.com/s/76c9zet5p0w3fqf/Img-slider-escuela-03.jpg?dl=0", "content": "", "button_title": "", "button_url": "", "block": 4}, "model": "builder.slide", "pk": 21}, {"fields": {"title": "nuestra escuela", "image": "https://www.dropbox.com/s/7i92xq2bcfebsul/Img-slider-escuela-04.jpg?dl=0", "content": "", "button_title": "", "button_url": "", "block": 4}, "model": "builder.slide", "pk": 22}, {"fields": {"title": "", "image": "https://www.dropbox.com/s/slj1394r4l2sr9h/Banner_Pavlova_001-2.jpg?dl=0", "content": "", "button_title": "BAILA JAZZ", "button_url": "/clases/jazz", "block": 1}, "model": "builder.slide", "pk": 23}, {"fields": {"title": "", "image": "https://www.dropbox.com/s/4yi0dopo579m7bl/Banner_Pavlova_003-2.jpg?dl=0", "content": "", "button_title": "BAILA FLAMENCO", "button_url": "/clases/flamenco", "block": 1}, "model": "builder.slide", "pk": 24}, {"fields": {"title": "", "image": "https://www.dropbox.com/s/3xbh06096giea8u/Banner_Pavlova_005-2.jpg?dl=0", "content": "", "button_title": "KARDIO DANZA", "button_url": "/clases/kardio-danza", "block": 1}, "model": "builder.slide", "pk": 25}, {"fields": {"title": "", "image": "https://www.dropbox.com/s/ff1zyfoharkqxx4/Banner_Pavlova_004-2.jpg?dl=0", "content": "", "button_title": "BAILA BALLET", "button_url": "/clases/ballet", "block": 1}, "model": "builder.slide", "pk": 26}, {"fields": {"title": "", "image": "https://www.dropbox.com/s/xcjhztd4g3ri8nj/Banner_Pavlova_002-2.jpg?dl=0", "content": "", "button_title": "BAILA JAZ", "button_url": "/clases/jazz", "block": 1}, "model": "builder.slide", "pk": 27}, {"fields": {"title": "", "image": "https://www.dropbox.com/s/mk6eeq5e7d10rg5/img-ballet-03.jpg?dl=0", "content": "", "button_title": "", "button_url": "", "block": 15}, "model": "builder.slide", "pk": 28}, {"fields": {"title": "", "image": "https://www.dropbox.com/s/10tgtlhl5l02mky/img-ballet-04.jpg?dl=0", "content": "", "button_title": "", "button_url": "", "block": 15}, "model": "builder.slide", "pk": 29}, {"fields": {"title": "", "image": "https://www.dropbox.com/s/pjgsvygzh15uu2f/img-jazz-03.jpg?dl=0", "content": "", "button_title": "", "button_url": "", "block": 16}, "model": "builder.slide", "pk": 30}, {"fields": {"title": "", "image": "https://www.dropbox.com/s/2gytjtmz1d6w8do/img-flamenco-03.jpg?dl=0", "content": "", "button_title": "", "button_url": "", "block": 17}, "model": "builder.slide", "pk": 31}, {"fields": {"title": "", "image": "https://www.dropbox.com/s/ixhvs0vt77sjpz4/img-flamenco-04.jpg?dl=0", "content": "", "button_title": "", "button_url": "", "block": 17}, "model": "builder.slide", "pk": 32}, {"fields": {"title": "Sra, Yenny Jassy Beltr\u00e1n de Arellano", "image": "", "content": "A trav\u00e9s de sus diferentes disciplinas de baile, Pavlova le ha ofrecido a mis hijas la oportunidad de desarrollarse f\u00edsicamente en un ambiente saludable, confiable, amigable y muy bien estructurado.  Bailar alimenta el esp\u00edritu y se ha convertido en una excelente herramienta para complementar la crianza de mis hijas. Gracias Pavlova!!!", "button_title": "", "button_url": "", "block": 11}, "model": "builder.slide", "pk": 33}, {"fields": {"title": "Sra. M\u00f3nica Padilla de Gallego.", "image": "", "content": "Pavlova, una escuela de danza que te ayuda a despertar tu bailarina interior, no importa la edad que tengas, puedes asistir y disfrutar de esta excelente academia\u2026Mi hija M\u00f3nica y yo somos orgullosamente alumnas de Pavlova", "button_title": "", "button_url": "", "block": 11}, "model": "builder.slide", "pk": 34}, {"fields": {"title": "Sra. Patricia de S\u00e1nchez", "image": "", "content": "Recomiendo ampliamente la Escuela de Danza Pavlova (mi hija tiene 10 a\u00f1os en ella), son muy profesionales, tienen muy buena organizaci\u00f3n y siempre se esmeran para dar lo mejor en sus clases. Las coreograf\u00edas, escenograf\u00edas y vestuarios de sus Festivales son espectaculares", "button_title": "", "button_url": "", "block": 11}, "model": "builder.slide", "pk": 35}, {"fields": {"title": "Eduardo y  Mely  Rueda", "image": "", "content": "Disciplina, gracia, postura, satisfacci\u00f3n y superaci\u00f3n personal son el resultado de la experiencia y retos que nuestra hija ha vivido durante 7 a\u00f1os como alumna de Pavlova. Es un gran orgullo para nosotros el gozar y disfrutar el producto de su esfuerzo en el Festival que se realiza al finalizar cada ciclo escolar", "button_title": "", "button_url": "", "block": 11}, "model": "builder.slide", "pk": 36}, {"fields": {"title": "Sra. Elia de Astiazar\u00e1n", "image": "", "content": "Me encanta Pavlova por el trato y respeto hacia las ni\u00f1as, las ense\u00f1an no s\u00f3lo a bailar, sino a convivir, trabajar en equipo, tener confianza en s\u00ed mismas y les demuestran que mediante el esfuerzo y dedicaci\u00f3n todo se puede", "button_title": "", "button_url": "", "block": 11}, "model": "builder.slide", "pk": 37}, {"fields": {"title": "Ada de Rosi\u00f1ol", "image": "", "content": "Mi hija mayor est\u00e1 por empezar su sexto a\u00f1o en Pavlova, tengo una hijita de 10 meses y sue\u00f1o con verla bailando en un festival de esta Escuela. Nuestra experiencia ha sido muy positiva y todo se lo acredito al profesionalismo y sobre todo al amor con el que las maestras y directoras de Pavlova realizan su trabajo.", "button_title": "", "button_url": "", "block": 11}, "model": "builder.slide", "pk": 38}, {"fields": {"title": "Visi\u00f3n", "image": "", "content": "Para el 2020, se visualiza a \u201cPas de Chat\u201d como un grupo de prestigio y renombre, reconocido a nivel nacional, con participaci\u00f3n y resultados \u00f3ptimos en competencias locales, regionales, nacionales e internacionales.", "button_title": "", "button_url": "", "block": 8}, "model": "builder.slide", "pk": 39}, {"fields": {"title": "Valores", "image": "", "content": "<ul>\r\n<li>Compromiso</li>\r\n<li>Disciplina</li>\r\n<li>Honestidad</li>\r\n<li>Justicia</li>\r\n<li>Lealtad</li>\r\n<li>Puntualidad</li>\r\n<li>Respeto</li>\r\n<li>Tolerancia</li>\r\n</ul>", "button_title": "", "button_url": "", "block": 8}, "model": "builder.slide", "pk": 40}, {"fields": {"title": "Requisitos de Ingreso", "image": "", "content": "<ul>\r\n<li>Ser alumna inscrita de Escuela de Danza Pavlova Hip\u00f3dromo.</li>\r\n<li>Tener de entre 8 a 14 a\u00f1os de edad.</li>\r\n<li>Ser invitada a participar en las actividades del Grupo.</li>\r\n<li>Inscribirse a Ballet como disciplina primaria y/o Jazz y Flamenco como disciplina complementaria.</li>\r\n<li>Disponibilidad para cumplir con los horarios de actividades curriculares (clases) y extracurriculares (ensayos, exhibiciones y competencias)</li>\r\n<li>Cubrir la cuota correspondiente.</li>\r\n</ul>", "button_title": "", "button_url": "", "block": 8}, "model": "builder.slide", "pk": 41}, {"fields": {"content": "Pas de Chat", "block": 3}, "model": "builder.title", "pk": 1}, {"fields": {"content": "Nuestra Escuela", "block": 4}, "model": "builder.title", "pk": 2}, {"fields": {"content": "ESCUELA", "block": 5}, "model": "builder.title", "pk": 3}, {"fields": {"content": "Experiencia arti\u0301stica que armoniza mente y cuerpo", "block": 6}, "model": "builder.title", "pk": 4}, {"fields": {"content": "excelencia", "block": 7}, "model": "builder.title", "pk": 5}, {"fields": {"content": "STAFF", "block": 9}, "model": "builder.title", "pk": 6}, {"fields": {"content": "Testimoniales", "block": 11}, "model": "builder.title", "pk": 7}, {"fields": {"content": "HORARIOS", "block": 12}, "model": "builder.title", "pk": 8}, {"fields": {"content": "REGLAMENTO", "block": 12}, "model": "builder.title", "pk": 9}, {"fields": {"content": "FICHA DE INSCRIPCIO\u0301N", "block": 12}, "model": "builder.title", "pk": 10}, {"fields": {"content": "CLASES", "block": 13}, "model": "builder.title", "pk": 11}, {"fields": {"content": "BALLET", "block": 15}, "model": "builder.title", "pk": 12}, {"fields": {"content": "JAZZ", "block": 16}, "model": "builder.title", "pk": 13}, {"fields": {"content": "FLAMENCO", "block": 17}, "model": "builder.title", "pk": 14}, {"fields": {"content": "KARDIO DANZA", "block": 18}, "model": "builder.title", "pk": 15}, {"fields": {"content": "BARRE\u0301", "block": 19}, "model": "builder.title", "pk": 16}, {"fields": {"content": "HORARIOS", "block": 20}, "model": "builder.title", "pk": 17}, {"fields": {"content": "REGLAMENTO", "block": 20}, "model": "builder.title", "pk": 18}, {"fields": {"content": "FICHA DE INSCRIPCIO\u0301N", "block": 20}, "model": "builder.title", "pk": 19}, {"fields": {"content": "Conta\u0301ctanos", "block": 22}, "model": "builder.title", "pk": 20}, {"fields": {"content": "Ubicacio\u0301n", "block": 22}, "model": "builder.title", "pk": 21}, {"fields": {"content": "Lla\u0301manos", "block": 22}, "model": "builder.title", "pk": 22}, {"fields": {"content": "Compromiso de excelencia con la danza", "block": 3}, "model": "builder.paragraph", "pk": 1}, {"fields": {"content": "Somos una Escuela de gran prestigio en el a\u0301mbito de la Danza, altamente especializada en las te\u0301cnicas de Ballet, Jazz y Flamenco desde 1987. Nuestro principal compromiso es lograr que las alumnas aprovechen el tiempo de forma positiva ejercitando las te\u0301cnicas de baile con un balance entre disciplina y convivencia.", "block": 4}, "model": "builder.paragraph", "pk": 2}, {"fields": {"content": "Prestigio desde 1987", "block": 5}, "model": "builder.paragraph", "pk": 3}, {"fields": {"content": "Compromiso de excelencia con la danza", "block": 13}, "model": "builder.paragraph", "pk": 4}, {"fields": {"content": "Los movimientos de Ballet se distinguen especialmente por ser estilizados y transmitir una sensacio\u0301n de amplitud y esplendor. Brindamos un entrenamiento que demanda gran constancia, debido a la concentracio\u0301n requerida para dominar el cuerpo, desarrollando la coordinacio\u0301n, fuerza, flexibilidad y ritmo musical.", "block": 15}, "model": "builder.paragraph", "pk": 5}, {"fields": {"content": "La danza Jazz combina armoniosamente ritmos y estilos que se fusionan con te\u0301cnicas exigentes y movimientos que implican autenticidad y estilo individual. La pra\u0301ctica de Jazz permite que las alumnas trabajen todo el cuerpo obteniendo flexibilidad y tonicidad muscular, adema\u0301s de estilizar los movimientos, ejercitar la memoria y agudizar los sentidos.", "block": 16}, "model": "builder.paragraph", "pk": 6}, {"fields": {"content": "Flamenco es una modalidad de baile en la que los movimientos de pies, manos y brazos son muy precisos y coordinados. Al ejercerlo, las alumnas aprenden a concentrarse y respirar correctamente, desarrollan su sensibilidad y creatividad natural, adema\u0301s de forjar su cara\u0301cter debido al trabajo interno que se requiere para su interpretacio\u0301n.", "block": 17}, "model": "builder.paragraph", "pk": 7}, {"fields": {"content": "Esta disciplina es una forma de hacer ejercicio bailando, ven a disfrutar tu clase los lunes, mi\u00e9rcoles y viernes con el maestro Rhonal Ruvalcaba. Adem\u00e1s ofrecemos clases especiales como INSANIDANCE, grupo formado por pap\u00e1s y HIP HOP para ni\u00f1os de 7 a 12 a\u00f1os.", "block": 18}, "model": "builder.paragraph", "pk": 8}, {"fields": {"content": "Me\u0301todo innovador y efectivo, que mezcla distintas disciplinas como Yoga, Pilates y Ballet. Todas estas integradas en una sola clase con el objetivo de moldear el cuerpo femenino, tonificarlo y fortalecerlo.", "block": 19}, "model": "builder.paragraph", "pk": 9}, {"fields": {"content": "Av. Allende #38 Col. Hipo\u0301dromo", "block": 22}, "model": "builder.paragraph", "pk": 10}, {"fields": {"content": "Tijuana, B.C.", "block": 22}, "model": "builder.paragraph", "pk": 11}, {"fields": {"content": "pavlovahipodromo@gmail.com", "block": 22}, "model": "builder.paragraph", "pk": 12}, {"fields": {"content": "664 686.27.87", "block": 22}, "model": "builder.paragraph", "pk": 13}, {"fields": {"src": "https://www.dropbox.com/s/9s88xu6ajfwvszv/Img-PasdeChat-bg.jpg?dl=0", "alt": "pas de chat", "block": 3}, "model": "builder.image", "pk": 2}, {"fields": {"src": "https://www.dropbox.com/s/jttxmpw4gtlttan/Img-banner-nosotros.jpg?dl=0", "alt": "escuela", "block": 5}, "model": "builder.image", "pk": 3}, {"fields": {"src": "https://www.dropbox.com/s/d69v5mv7tr0k7f5/Img-escuela-bg.jpg?dl=0https://www.dropbox.com/s/d69v5mv7tr0k7f5/Img-escuela-bg.jpg?dl=0", "alt": "nuestra escuela", "block": 6}, "model": "builder.image", "pk": 4}, {"fields": {"src": "https://www.dropbox.com/s/29n0m4ga6rtt937/img-pasdechat-bg.jpg?dl=0", "alt": "excelencia", "block": 7}, "model": "builder.image", "pk": 5}, {"fields": {"src": "https://www.dropbox.com/s/o46jda5zy9f0oj1/Img_logotipo-pasdechat.jpg?dl=0", "alt": "pas de chats", "block": 8}, "model": "builder.image", "pk": 6}, {"fields": {"src": "https://www.dropbox.com/s/ve8i6l6jy3gqmxp/Img-staff-bg.jpg?dl=0", "alt": "STAFF", "block": 9}, "model": "builder.image", "pk": 7}, {"fields": {"src": "https://www.dropbox.com/s/lmg1elde6rn2bga/Img-banner-clases.jpg?dl=0", "alt": "clases", "block": 13}, "model": "builder.image", "pk": 8}, {"fields": {"src": "https://www.dropbox.com/s/nvevruz8jw8x34d/Img-banner-mapa.jpg?dl=0", "alt": "contacto", "block": 21}, "model": "builder.image", "pk": 9}, {"fields": {"href": "/clases/ballet", "block": 2, "title": "BALLET"}, "model": "builder.button", "pk": 2}, {"fields": {"href": "/clases/jazz", "block": 2, "title": "JAZZ"}, "model": "builder.button", "pk": 3}, {"fields": {"href": "/clases/flamenco", "block": 2, "title": "FLAMENCO"}, "model": "builder.button", "pk": 4}, {"fields": {"href": "/clases/kardio-danza", "block": 2, "title": "KARDIO DANZA"}, "model": "builder.button", "pk": 5}, {"fields": {"href": "/clases/barre", "block": 2, "title": "BARRE\u0301"}, "model": "builder.button", "pk": 6}, {"fields": {"href": "/escuela", "block": 3, "title": "CONOCE MA\u0301S"}, "model": "builder.button", "pk": 7}, {"fields": {"href": "/escuela", "block": 4, "title": "CONOCE MA\u0301S"}, "model": "builder.button", "pk": 8}, {"fields": {"href": "/contacto", "block": 6, "title": "CONTA\u0301CTANOS"}, "model": "builder.button", "pk": 9}, {"fields": {"href": "http://www.pavlovahipodromo.com/docs/Pavlova-Horarios-2016.pdf", "block": 12, "title": "HORARIOS"}, "model": "builder.button", "pk": 10}, {"fields": {"href": "http://www.pavlovahipodromo.com/docs/Pavlova-FichaInscripcion.pdf", "block": 12, "title": "REGLAMENTO"}, "model": "builder.button", "pk": 11}, {"fields": {"href": "http://www.pavlovahipodromo.com/docs/Pavlova-Reglamento.pdf", "block": 12, "title": "FICHA DE INSCRIPCIO\u0301N"}, "model": "builder.button", "pk": 12}, {"fields": {"href": "/clases/ballet", "block": 14, "title": "BALLET"}, "model": "builder.button", "pk": 13}, {"fields": {"href": "/clases/jazz", "block": 14, "title": "JAZZ"}, "model": "builder.button", "pk": 14}, {"fields": {"href": "/clases/flamenco", "block": 14, "title": "FLAMENCO"}, "model": "builder.button", "pk": 15}, {"fields": {"href": "/clases/kardio-danza", "block": 14, "title": "KARDIO DANZA"}, "model": "builder.button", "pk": 16}, {"fields": {"href": "/clases/barre", "block": 14, "title": "BARRE\u0301"}, "model": "builder.button", "pk": 17}, {"fields": {"href": "http://www.pavlovahipodromo.com/docs/Pavlova-Horarios-2016.pdf", "block": 15, "title": "HORARIOS"}, "model": "builder.button", "pk": 18}, {"fields": {"href": "https://www.facebook.com/pavlova.hipodromo/photos/?tab=albums", "block": 15, "title": "VER GALERI\u0301AS"}, "model": "builder.button", "pk": 19}, {"fields": {"href": "http://www.pavlovahipodromo.com/docs/Pavlova-Horarios-2016.pdf", "block": 16, "title": "HORARIOS"}, "model": "builder.button", "pk": 20}, {"fields": {"href": "https://www.facebook.com/pavlova.hipodromo/photos/?tab=albums", "block": 16, "title": "VER GALERI\u0301AS"}, "model": "builder.button", "pk": 21}, {"fields": {"href": "http://www.pavlovahipodromo.com/docs/Pavlova-Horarios-2016.pdf", "block": 17, "title": "HORARIOS"}, "model": "builder.button", "pk": 22}, {"fields": {"href": "https://www.facebook.com/pavlova.hipodromo/photos/?tab=albums", "block": 17, "title": "VER GALERI\u0301AS"}, "model": "builder.button", "pk": 23}, {"fields": {"href": "http://www.pavlovahipodromo.com/docs/Pavlova-Horarios-2016.pdf", "block": 18, "title": "HORARIOS"}, "model": "builder.button", "pk": 24}, {"fields": {"href": "http://www.pavlovahipodromo.com/docs/Pavlova-Horarios-2016.pdf", "block": 19, "title": "HORARIOS"}, "model": "builder.button", "pk": 25}, {"fields": {"href": "http://www.pavlovahipodromo.com/docs/Pavlova-Horarios-2016.pdf", "block": 20, "title": "HORARIOS"}, "model": "builder.button", "pk": 26}, {"fields": {"href": "http://www.pavlovahipodromo.com/docs/Pavlova-Reglamento.pdf", "block": 20, "title": "REGLAMENTO"}, "model": "builder.button", "pk": 27}, {"fields": {"href": "http://www.pavlovahipodromo.com/docs/Pavlova-FichaInscripcion.pdf", "block": 20, "title": "FICHA DE INSCRIPCIO\u0301N"}, "model": "builder.button", "pk": 28}, {"fields": {"href": "https://www.google.com/maps/d/viewer?mid=1aSbG3ijD_dA1TW7N7BgAhaPSnTk&hl=en_US&usp=sharing", "block": 22, "title": "Ver en Google Maps"}, "model": "builder.button", "pk": 29}, {"fields": {"href": "https://www.facebook.com/pavlova.hipodromo/", "block": 22, "title": "Si\u0301guenos en Facebook"}, "model": "builder.button", "pk": 30}, {"fields": {"codename": "add_logentry", "name": "Can add log entry", "content_type": 1}, "model": "auth.permission", "pk": 1}, {"fields": {"codename": "change_logentry", "name": "Can change log entry", "content_type": 1}, "model": "auth.permission", "pk": 2}, {"fields": {"codename": "delete_logentry", "name": "Can delete log entry", "content_type": 1}, "model": "auth.permission", "pk": 3}, {"fields": {"codename": "add_permission", "name": "Can add permission", "content_type": 2}, "model": "auth.permission", "pk": 4}, {"fields": {"codename": "change_permission", "name": "Can change permission", "content_type": 2}, "model": "auth.permission", "pk": 5}, {"fields": {"codename": "delete_permission", "name": "Can delete permission", "content_type": 2}, "model": "auth.permission", "pk": 6}, {"fields": {"codename": "add_group", "name": "Can add group", "content_type": 3}, "model": "auth.permission", "pk": 7}, {"fields": {"codename": "change_group", "name": "Can change group", "content_type": 3}, "model": "auth.permission", "pk": 8}, {"fields": {"codename": "delete_group", "name": "Can delete group", "content_type": 3}, "model": "auth.permission", "pk": 9}, {"fields": {"codename": "add_user", "name": "Can add user", "content_type": 4}, "model": "auth.permission", "pk": 10}, {"fields": {"codename": "change_user", "name": "Can change user", "content_type": 4}, "model": "auth.permission", "pk": 11}, {"fields": {"codename": "delete_user", "name": "Can delete user", "content_type": 4}, "model": "auth.permission", "pk": 12}, {"fields": {"codename": "add_contenttype", "name": "Can add content type", "content_type": 5}, "model": "auth.permission", "pk": 13}, {"fields": {"codename": "change_contenttype", "name": "Can change content type", "content_type": 5}, "model": "auth.permission", "pk": 14}, {"fields": {"codename": "delete_contenttype", "name": "Can delete content type", "content_type": 5}, "model": "auth.permission", "pk": 15}, {"fields": {"codename": "add_session", "name": "Can add session", "content_type": 6}, "model": "auth.permission", "pk": 16}, {"fields": {"codename": "change_session", "name": "Can change session", "content_type": 6}, "model": "auth.permission", "pk": 17}, {"fields": {"codename": "delete_session", "name": "Can delete session", "content_type": 6}, "model": "auth.permission", "pk": 18}, {"fields": {"codename": "add_corsmodel", "name": "Can add cors model", "content_type": 7}, "model": "auth.permission", "pk": 19}, {"fields": {"codename": "change_corsmodel", "name": "Can change cors model", "content_type": 7}, "model": "auth.permission", "pk": 20}, {"fields": {"codename": "delete_corsmodel", "name": "Can delete cors model", "content_type": 7}, "model": "auth.permission", "pk": 21}, {"fields": {"codename": "add_section", "name": "Can add section", "content_type": 8}, "model": "auth.permission", "pk": 22}, {"fields": {"codename": "change_section", "name": "Can change section", "content_type": 8}, "model": "auth.permission", "pk": 23}, {"fields": {"codename": "delete_section", "name": "Can delete section", "content_type": 8}, "model": "auth.permission", "pk": 24}, {"fields": {"codename": "add_block", "name": "Can add block", "content_type": 9}, "model": "auth.permission", "pk": 25}, {"fields": {"codename": "change_block", "name": "Can change block", "content_type": 9}, "model": "auth.permission", "pk": 26}, {"fields": {"codename": "delete_block", "name": "Can delete block", "content_type": 9}, "model": "auth.permission", "pk": 27}, {"fields": {"codename": "add_slide", "name": "Can add slide", "content_type": 10}, "model": "auth.permission", "pk": 28}, {"fields": {"codename": "change_slide", "name": "Can change slide", "content_type": 10}, "model": "auth.permission", "pk": 29}, {"fields": {"codename": "delete_slide", "name": "Can delete slide", "content_type": 10}, "model": "auth.permission", "pk": 30}, {"fields": {"codename": "add_title", "name": "Can add title", "content_type": 11}, "model": "auth.permission", "pk": 31}, {"fields": {"codename": "change_title", "name": "Can change title", "content_type": 11}, "model": "auth.permission", "pk": 32}, {"fields": {"codename": "delete_title", "name": "Can delete title", "content_type": 11}, "model": "auth.permission", "pk": 33}, {"fields": {"codename": "add_paragraph", "name": "Can add paragraph", "content_type": 12}, "model": "auth.permission", "pk": 34}, {"fields": {"codename": "change_paragraph", "name": "Can change paragraph", "content_type": 12}, "model": "auth.permission", "pk": 35}, {"fields": {"codename": "delete_paragraph", "name": "Can delete paragraph", "content_type": 12}, "model": "auth.permission", "pk": 36}, {"fields": {"codename": "add_image", "name": "Can add image", "content_type": 13}, "model": "auth.permission", "pk": 37}, {"fields": {"codename": "change_image", "name": "Can change image", "content_type": 13}, "model": "auth.permission", "pk": 38}, {"fields": {"codename": "delete_image", "name": "Can delete image", "content_type": 13}, "model": "auth.permission", "pk": 39}, {"fields": {"codename": "add_button", "name": "Can add button", "content_type": 14}, "model": "auth.permission", "pk": 40}, {"fields": {"codename": "change_button", "name": "Can change button", "content_type": 14}, "model": "auth.permission", "pk": 41}, {"fields": {"codename": "delete_button", "name": "Can delete button", "content_type": 14}, "model": "auth.permission", "pk": 42}, {"fields": {"username": "admint", "first_name": "", "last_name": "", "is_active": true, "is_superuser": true, "is_staff": true, "last_login": "2016-10-05T23:08:19.835Z", "groups": [], "user_permissions": [], "password": "pbkdf2_sha256$20000$zUdpBOSDjamH$sFrtO0J95DhCCt6E3p0MwGV3+4jQClgKpZxPa79fEuE=", "email": "info@mintitmedia.com", "date_joined": "2016-05-10T18:01:26.164Z"}, "model": "auth.user", "pk": 1}, {"fields": {"action_flag": 2, "action_time": "2016-05-10T18:03:15.403Z", "object_repr": "Escuela", "object_id": "2", "change_message": "Changed slug.", "user": 1, "content_type": 8}, "model": "admin.logentry", "pk": 1}, {"fields": {"action_flag": 2, "action_time": "2016-05-11T02:16:01.281Z", "object_repr": "Inicio", "object_id": "1", "change_message": "Added slide \"nuestra escuela\". Added slide \"nuestra escuela\". Changed image for slide \"nuestra escuela\". Changed image for slide \"nuestra escuela\".", "user": 1, "content_type": 8}, "model": "admin.logentry", "pk": 2}, {"fields": {"action_flag": 2, "action_time": "2016-05-11T02:18:41.901Z", "object_repr": "Inicio", "object_id": "1", "change_message": "Changed image for slide \"nuestra escuela\". Changed image for slide \"nuestra escuela\". Changed image for slide \"nuestra escuela\". Changed image for slide \"nuestra escuela\".", "user": 1, "content_type": 8}, "model": "admin.logentry", "pk": 3}, {"fields": {"action_flag": 2, "action_time": "2016-05-11T02:21:04.433Z", "object_repr": "Inicio", "object_id": "1", "change_message": "Added slide \"\". Added slide \"\". Added slide \"\". Added slide \"\". Added slide \"\". Deleted image \"/images/placeholder.png\". Deleted button \"/clases/jazz\".", "user": 1, "content_type": 8}, "model": "admin.logentry", "pk": 4}, {"fields": {"action_flag": 2, "action_time": "2016-05-11T02:28:19.280Z", "object_repr": "Inicio", "object_id": "1", "change_message": "Changed image for slide \"nuestra escuela\". Changed image for slide \"nuestra escuela\". Changed image for slide \"nuestra escuela\". Changed image for slide \"nuestra escuela\". Changed src for image \"https://www.dropbox.com/s/9s88xu6ajfwvszv/Img-PasdeChat-bg.jpg?dl=0\".", "user": 1, "content_type": 8}, "model": "admin.logentry", "pk": 5}, {"fields": {"action_flag": 2, "action_time": "2016-05-11T15:18:14.700Z", "object_repr": "Inicio", "object_id": "1", "change_message": "Changed image for slide \"\". Changed image for slide \"\". Changed image for slide \"\". Changed image for slide \"\". Changed image for slide \"\".", "user": 1, "content_type": 8}, "model": "admin.logentry", "pk": 6}, {"fields": {"action_flag": 2, "action_time": "2016-05-11T15:21:37.742Z", "object_repr": "Inicio", "object_id": "1", "change_message": "Changed image for slide \"\". Changed image for slide \"\". Changed image for slide \"\". Changed image for slide \"\". Changed image for slide \"\".", "user": 1, "content_type": 8}, "model": "admin.logentry", "pk": 7}, {"fields": {"action_flag": 2, "action_time": "2016-05-11T16:16:41.108Z", "object_repr": "Inicio", "object_id": "1", "change_message": "Changed image for slide \"\". Changed image for slide \"\".", "user": 1, "content_type": 8}, "model": "admin.logentry", "pk": 8}, {"fields": {"action_flag": 2, "action_time": "2016-05-11T18:14:15.991Z", "object_repr": "Escuela", "object_id": "2", "change_message": "Changed src for image \"https://www.dropbox.com/s/jttxmpw4gtlttan/Img-banner-nosotros.jpg?dl=0\". Changed src for image \"https://www.dropbox.com/s/d69v5mv7tr0k7f5/Img-escuela-bg.jpg?dl=0https://www.dropbox.com/s/d69v5mv7tr0k7f5/Img-escuela-bg.jpg?dl=0\". Changed src for image \"https://www.dropbox.com/s/29n0m4ga6rtt937/img-pasdechat-bg.jpg?dl=0\". Changed src for image \"https://www.dropbox.com/s/o46jda5zy9f0oj1/Img_logotipo-pasdechat.jpg?dl=0\". Changed src for image \"https://www.dropbox.com/s/ve8i6l6jy3gqmxp/Img-staff-bg.jpg?dl=0\".", "user": 1, "content_type": 8}, "model": "admin.logentry", "pk": 9}, {"fields": {"action_flag": 2, "action_time": "2016-05-11T22:53:52.788Z", "object_repr": "Clases", "object_id": "3", "change_message": "Added slide \"\". Added slide \"\". Changed image for slide \"\". Changed image for slide \"\". Added slide \"\". Changed image for slide \"\". Changed image for slide \"\". Added slide \"\". Added slide \"\". Changed image for slide \"\". Changed image for slide \"\". Changed image for slide \"\". Deleted slide \"\". Changed image for slide \"\". Deleted slide \"\". Changed src for image \"https://www.dropbox.com/s/lmg1elde6rn2bga/Img-banner-clases.jpg?dl=0\".", "user": 1, "content_type": 8}, "model": "admin.logentry", "pk": 10}, {"fields": {"action_flag": 2, "action_time": "2016-05-11T23:02:45.878Z", "object_repr": "Inicio", "object_id": "1", "change_message": "Changed image for slide \"\". Changed image, button_title and button_url for slide \"\". Changed button_title and button_url for slide \"\". Changed button_title and button_url for slide \"\".", "user": 1, "content_type": 8}, "model": "admin.logentry", "pk": 11}, {"fields": {"action_flag": 2, "action_time": "2016-05-11T23:24:48.664Z", "object_repr": "Inicio", "object_id": "1", "change_message": "Changed image for slide \"\".", "user": 1, "content_type": 8}, "model": "admin.logentry", "pk": 12}, {"fields": {"action_flag": 2, "action_time": "2016-05-11T23:28:58.489Z", "object_repr": "Contacto", "object_id": "4", "change_message": "Changed src for image \"https://www.dropbox.com/s/nvevruz8jw8x34d/Img-banner-mapa.jpg?dl=0\".", "user": 1, "content_type": 8}, "model": "admin.logentry", "pk": 13}, {"fields": {"action_flag": 2, "action_time": "2016-05-12T23:14:17.505Z", "object_repr": "Inicio", "object_id": "1", "change_message": "Changed button_title for slide \"\".", "user": 1, "content_type": 8}, "model": "admin.logentry", "pk": 14}, {"fields": {"action_flag": 2, "action_time": "2016-05-12T23:16:35.253Z", "object_repr": "Inicio", "object_id": "1", "change_message": "Changed button_title for slide \"\".", "user": 1, "content_type": 8}, "model": "admin.logentry", "pk": 15}, {"fields": {"action_flag": 2, "action_time": "2016-05-12T23:46:46.269Z", "object_repr": "Escuela", "object_id": "2", "change_message": "Changed title for slide \"Pas de Chat\". Changed title for slide \"Pas de Chat\".", "user": 1, "content_type": 8}, "model": "admin.logentry", "pk": 16}, {"fields": {"action_flag": 2, "action_time": "2016-05-13T19:53:06.873Z", "object_repr": "Inicio", "object_id": "1", "change_message": "Changed image for slide \"\". Changed image for slide \"\". Changed image for slide \"\". Changed image for slide \"\". Changed image for slide \"\".", "user": 1, "content_type": 8}, "model": "admin.logentry", "pk": 17}, {"fields": {"action_flag": 2, "action_time": "2016-05-13T19:55:57.212Z", "object_repr": "Inicio", "object_id": "1", "change_message": "Changed button_url for slide \"\".", "user": 1, "content_type": 8}, "model": "admin.logentry", "pk": 18}, {"fields": {"action_flag": 2, "action_time": "2016-09-15T19:44:38.811Z", "object_repr": "Contacto", "object_id": "4", "change_message": "Changed href for button \"https://www.facebook.com/pavlova.hipodromo/\".", "user": 1, "content_type": 8}, "model": "admin.logentry", "pk": 19}, {"fields": {"action_flag": 2, "action_time": "2016-09-15T19:46:18.121Z", "object_repr": "Contacto", "object_id": "4", "change_message": "Changed href for button \"https://www.google.com/maps/d/viewer?mid=1aSbG3ijD_dA1TW7N7BgAhaPSnTk&hl=en_US&usp=sharing\".", "user": 1, "content_type": 8}, "model": "admin.logentry", "pk": 20}, {"fields": {"action_flag": 2, "action_time": "2016-09-15T19:50:54.623Z", "object_repr": "Inicio", "object_id": "1", "change_message": "Changed image for slide \"\".", "user": 1, "content_type": 8}, "model": "admin.logentry", "pk": 21}, {"fields": {"action_flag": 2, "action_time": "2016-09-15T19:54:41.038Z", "object_repr": "Escuela", "object_id": "2", "change_message": "Changed href for button \"https://www.dropbox.com/s/f5wie6f8pji8dha/Pavlova-Horarios-2016.pdf?dl=0\". Changed href for button \"https://www.dropbox.com/s/epp5rt2fzjf10ax/Pavlova-Reglamento.pdf?dl=0\". Changed href for button \"https://www.dropbox.com/s/o286k24pbtkovv9/Pavlova-FichaInscripcion.pdf?dl=0\".", "user": 1, "content_type": 8}, "model": "admin.logentry", "pk": 22}, {"fields": {"action_flag": 2, "action_time": "2016-09-15T20:01:49.349Z", "object_repr": "Clases", "object_id": "3", "change_message": "Changed href for button \"https://www.facebook.com/pavlova.hipodromo/photos/?tab=albums\". Changed href for button \"https://www.facebook.com/pavlova.hipodromo/photos/?tab=albums\". Changed href for button \"https://www.facebook.com/pavlova.hipodromo/photos/?tab=albums\".", "user": 1, "content_type": 8}, "model": "admin.logentry", "pk": 23}, {"fields": {"action_flag": 2, "action_time": "2016-09-16T04:58:10.801Z", "object_repr": "Clases", "object_id": "3", "change_message": "Changed content for paragraph \"La danza Jazz combina armoniosamente ritmos y estilos que se fusionan con te\u0301cnicas exigentes y movimientos que implican autenticidad y estilo individual. La pra\u0301ctica de Jazz permite que las alumnas trabajen todo el cuerpo obteniendo flexibilidad y tonicidad muscular, adema\u0301s de estilizar los movimientos, ejercitar la memoria y agudizar los sentidos.\". Changed content for paragraph \"Flamenco es una modalidad de baile en la que los movimientos de pies, manos y brazos son muy precisos y coordinados. Al ejercerlo, las alumnas aprenden a concentrarse y respirar correctamente, desarrollan su sensibilidad y creatividad natural, adema\u0301s de forjar su cara\u0301cter debido al trabajo interno que se requiere para su interpretacio\u0301n.\".", "user": 1, "content_type": 8}, "model": "admin.logentry", "pk": 24}, {"fields": {"action_flag": 2, "action_time": "2016-09-16T05:03:24.630Z", "object_repr": "Clases", "object_id": "3", "change_message": "Changed href for button \"https://www.dropbox.com/s/f5wie6f8pji8dha/Pavlova-Horarios-2016.pdf?dl=0\". Changed href for button \"https://www.dropbox.com/s/f5wie6f8pji8dha/Pavlova-Horarios-2016.pdf?dl=0\". Changed href for button \"https://www.dropbox.com/s/f5wie6f8pji8dha/Pavlova-Horarios-2016.pdf?dl=0\". Changed href for button \"https://www.dropbox.com/s/f5wie6f8pji8dha/Pavlova-Horarios-2016.pdf?dl=0\". Changed href for button \"https://www.dropbox.com/s/f5wie6f8pji8dha/Pavlova-Horarios-2016.pdf?dl=0\". Changed href for button \"https://www.dropbox.com/s/f5wie6f8pji8dha/Pavlova-Horarios-2016.pdf?dl=0\". Changed href for button \"https://www.dropbox.com/s/epp5rt2fzjf10ax/Pavlova-Reglamento.pdf?dl=0\". Changed href for button \"https://www.dropbox.com/s/o286k24pbtkovv9/Pavlova-FichaInscripcion.pdf?dl=0\".", "user": 1, "content_type": 8}, "model": "admin.logentry", "pk": 25}, {"fields": {"action_flag": 2, "action_time": "2016-09-16T14:55:05.562Z", "object_repr": "Escuela", "object_id": "2", "change_message": "Added slide \"Sra, Yenny Jassy Beltr\u00e1n de Arellano\". Added slide \"Sra. M\u00f3nica Padilla de Gallego.\". Added slide \"Sra. Patricia de S\u00e1nchez\". Added slide \"Eduardo y  Mely  Rueda\". Added slide \"Sra. Elia de Astiazar\u00e1n\". Added slide \"Ada de Rosi\u00f1ol\". Changed title and content for slide \"Sra. Ang\u00e9lica Virgen de L\u00f3pez de C\u00e1rdenas.\".", "user": 1, "content_type": 8}, "model": "admin.logentry", "pk": 26}, {"fields": {"action_flag": 2, "action_time": "2016-09-16T17:12:26.371Z", "object_repr": "Escuela", "object_id": "2", "change_message": "Changed title and content for slide \"Nuestra Mis\u00f3n\". Changed title and content for slide \"Nuestra Visi\u00f3n\".", "user": 1, "content_type": 8}, "model": "admin.logentry", "pk": 27}, {"fields": {"action_flag": 2, "action_time": "2016-09-16T17:13:23.958Z", "object_repr": "Escuela", "object_id": "2", "change_message": "Changed content for slide \"Nuestra Escuela\".", "user": 1, "content_type": 8}, "model": "admin.logentry", "pk": 28}, {"fields": {"action_flag": 2, "action_time": "2016-09-16T17:17:27.707Z", "object_repr": "Escuela", "object_id": "2", "change_message": "Added slide \"Visi\u00f3n\". Added slide \"Valores\". Added slide \"Requisitos de Ingreso\". Changed content for slide \"Pas de Chat\". Changed title and content for slide \"Misi\u00f3n\".", "user": 1, "content_type": 8}, "model": "admin.logentry", "pk": 29}, {"fields": {"action_flag": 2, "action_time": "2016-09-16T17:35:30.575Z", "object_repr": "Inicio", "object_id": "1", "change_message": "Changed button_title for slide \"\".", "user": 1, "content_type": 8}, "model": "admin.logentry", "pk": 30}, {"fields": {"action_flag": 2, "action_time": "2016-10-06T00:56:53.854Z", "object_repr": "Contacto", "object_id": "4", "change_message": "Changed content for paragraph \"pavlovahipodromo@gmail.com\".", "user": 1, "content_type": 8}, "model": "admin.logentry", "pk": 31}, {"fields": {"action_flag": 2, "action_time": "2016-10-06T00:57:56.134Z", "object_repr": "Clases", "object_id": "3", "change_message": "Changed content for paragraph \"Esta disciplina es una forma de hacer ejercicio bailando, ven a disfrutar tu clase los lunes, mi\u00e9rcoles y viernes con el maestro Rhonal Ruvalcaba. Adem\u00e1s ofrecemos clases especiales como INSANIDANCE, grupo formado por pap\u00e1s y HIP HOP para ni\u00f1os de 7 a 12 a\u00f1os.\".", "user": 1, "content_type": 8}, "model": "admin.logentry", "pk": 32}, {"fields": {"action_flag": 2, "action_time": "2016-10-06T01:00:07.368Z", "object_repr": "Escuela", "object_id": "2", "change_message": "Changed content for slide \"Visi\u00f3n\".", "user": 1, "content_type": 8}, "model": "admin.logentry", "pk": 33}, {"fields": {"action_flag": 2, "action_time": "2016-10-06T23:00:02.494Z", "object_repr": "Escuela", "object_id": "2", "change_message": "Changed href for button \"http://www.pavlovahipodromo.com/docs/Pavlova-Horarios-2016.pdf\". Changed href for button \"http://www.pavlovahipodromo.com/docs/Pavlova-FichaInscripcion.pdf\". Changed href for button \"http://www.pavlovahipodromo.com/docs/Pavlova-Reglamento.pdf\".", "user": 1, "content_type": 8}, "model": "admin.logentry", "pk": 34}, {"fields": {"action_flag": 2, "action_time": "2016-10-06T23:01:52.818Z", "object_repr": "Clases", "object_id": "3", "change_message": "Changed href for button \"http://www.pavlovahipodromo.com/docs/Pavlova-Horarios-2016.pdf\". Changed href for button \"http://www.pavlovahipodromo.com/docs/Pavlova-Horarios-2016.pdf\". Changed href for button \"http://www.pavlovahipodromo.com/docs/Pavlova-Horarios-2016.pdf\". Changed href for button \"http://www.pavlovahipodromo.com/docs/Pavlova-Horarios-2016.pdf\". Changed href for button \"http://www.pavlovahipodromo.com/docs/Pavlova-Horarios-2016.pdf\". Changed href for button \"http://www.pavlovahipodromo.com/docs/Pavlova-Horarios-2016.pdf\". Changed href for button \"http://www.pavlovahipodromo.com/docs/Pavlova-Reglamento.pdf\". Changed href for button \"http://www.pavlovahipodromo.com/docs/Pavlova-FichaInscripcion.pdf\".", "user": 1, "content_type": 8}, "model": "admin.logentry", "pk": 35}, {"fields": {"action_flag": 2, "action_time": "2016-10-06T23:03:37.684Z", "object_repr": "Inicio", "object_id": "1", "change_message": "Changed button_title for slide \"\".", "user": 1, "content_type": 8}, "model": "admin.logentry", "pk": 36}]